,How many employees does your company or organization have?,Is your employer primarily a tech company/organization?,Is your primary role within your company related to tech/IT?,Does your employer provide mental health benefits as part of healthcare coverage?,Do you know the options for mental health care available under your employer-provided coverage?,"Has your employer ever formally discussed mental health (for example, as part of a wellness campaign or other official communication)?",Does your employer offer resources to learn more about mental health concerns and options for seeking help?,Is your anonymity protected if you choose to take advantage of mental health or substance abuse treatment resources provided by your employer?,"If a mental health issue prompted you to request a medical leave from work, asking for that leave would be:",Do you think that discussing a mental health disorder with your employer would have negative consequences?,Do you think that discussing a physical health issue with your employer would have negative consequences?,Would you feel comfortable discussing a mental health disorder with your coworkers?,Would you feel comfortable discussing a mental health disorder with your direct supervisor(s)?,Do you feel that your employer takes mental health as seriously as physical health?,Have you heard of or observed negative consequences for co-workers who have been open about mental health issues in your workplace?,Do you have previous employers?,Would you be willing to bring up a physical health issue with a potential employer in an interview?,Would you bring up a mental health issue with a potential employer in an interview?,Do you feel that being identified as a person with a mental health issue would hurt your career?,Do you think that team members/co-workers would view you more negatively if they knew you suffered from a mental health issue?,How willing would you be to share with friends and family that you have a mental illness?,Have you observed or experienced an unsupportive or badly handled response to a mental health issue in your current or previous workplace?,Do you have a family history of mental illness?,Have you had a mental health disorder in the past?,Do you currently have a mental health disorder?,Have you been diagnosed with a mental health condition by a medical professional?,Have you ever sought treatment for a mental health issue from a mental health professional?,"If you have a mental health issue, do you feel that it interferes with your work when being treated effectively?","If you have a mental health issue, do you feel that it interferes with your work when NOT being treated effectively?",What is your age?,What is your gender?,What country do you work in?,What US state or territory do you work in?,Do you work remotely?
0,3,1.0,1.0,0,2,0,0,0,1,0,0,2,1,0,0,1,2,2,2,0,2,0,0,1,0,1,0,0,0,39,0.0,7,9,2
1,2,1.0,1.0,0,1,1,1,1,2,0,0,2,1,1,0,1,2,0,0,0,2,0,1,1,1,1,1,0,2,29,0.0,7,5,0
2,2,1.0,1.0,0,2,0,0,0,3,2,0,2,2,0,0,1,1,1,2,2,2,2,0,2,0,0,1,0,0,38,0.0,7,9,1
3,2,0.0,0.0,1,1,0,0,0,3,1,2,2,0,0,0,1,2,0,1,2,2,1,1,1,1,1,1,2,2,43,1.0,7,5,2
4,6,1.0,1.0,1,2,0,1,1,2,1,1,2,1,0,1,1,1,2,1,2,2,1,0,0,1,0,1,0,1,42,0.0,7,9,2
5,3,1.0,1.0,0,0,0,0,0,2,0,0,2,1,1,0,1,1,1,1,0,0,0,0,0,0,0,0,0,0,30,0.0,7,3,2
6,6,1.0,1.0,1,1,0,1,1,1,0,0,2,1,0,0,1,0,0,2,2,2,1,1,1,1,1,1,2,1,37,1.0,7,3,1
7,3,0.0,0.0,0,0,0,0,0,5,1,1,1,2,0,0,1,2,2,2,1,2,1,1,1,1,1,1,0,1,44,1.0,7,1,2
8,3,1.0,1.0,1,2,1,1,1,1,0,0,2,1,1,0,1,1,1,0,2,1,1,0,1,1,1,1,2,1,28,0.0,7,7,0
9,4,0.0,0.0,1,1,0,0,0,4,1,0,0,0,0,0,1,0,0,1,1,0,0,1,1,1,1,1,0,0,34,0.0,7,2,2
10,4,1.0,1.0,1,2,0,0,1,1,0,0,1,1,1,0,1,0,0,0,0,2,0,1,1,1,1,1,0,2,30,1.0,7,2,1
11,4,0.0,0.0,1,1,1,1,1,2,0,0,0,2,1,0,1,1,0,2,1,0,1,0,2,2,0,0,0,2,44,0.0,3,9,2
12,4,1.0,1.0,1,1,0,0,1,1,0,0,1,1,0,0,1,0,0,0,0,2,0,1,1,1,1,1,2,2,35,0.0,7,8,1
13,4,1.0,1.0,0,0,0,0,0,3,2,2,2,2,0,0,1,2,2,2,2,3,0,1,1,1,1,1,0,2,52,0.0,7,7,2
14,3,1.0,1.0,0,0,0,0,0,5,2,0,2,2,0,0,1,1,0,1,0,1,1,1,1,1,1,1,2,1,32,1.0,3,9,1
15,5,1.0,1.0,0,0,0,0,0,0,2,0,1,2,0,0,1,0,0,2,2,2,2,0,0,0,0,0,0,0,34,0.0,7,9,0
16,4,0.0,0.0,0,0,0,0,0,0,1,0,0,0,1,0,1,1,0,1,1,2,0,1,1,1,1,1,0,2,31,0.0,7,2,2
17,2,1.0,1.0,0,2,0,0,0,1,0,0,2,1,0,0,1,2,0,1,1,2,2,1,2,0,0,0,0,0,26,0.0,7,2,2
18,6,0.0,0.0,1,0,1,0,0,2,0,0,2,1,0,0,1,0,0,2,2,3,0,0,0,0,0,0,0,0,35,0.0,7,5,0
19,3,1.0,1.0,1,1,0,0,0,1,2,2,2,0,0,0,1,2,2,2,0,3,0,0,2,0,0,0,0,0,25,0.0,4,9,2
20,1,1.0,1.0,1,1,0,0,0,4,2,0,2,2,0,0,1,0,0,1,2,2,1,1,1,0,1,1,2,1,33,0.0,3,9,2
21,4,0.0,0.0,1,1,0,1,1,1,0,0,2,2,1,0,0,2,2,2,0,1,2,0,0,0,0,0,0,0,42,0.0,4,9,0
22,3,0.0,0.0,0,0,0,0,0,5,1,1,0,0,0,0,1,0,2,1,1,2,2,0,1,1,1,1,0,1,27,0.0,5,9,2
23,4,1.0,1.0,0,0,0,0,0,4,0,0,0,0,0,0,1,2,0,1,1,2,2,0,0,2,0,1,2,1,35,0.0,4,9,0
24,5,0.0,0.0,0,0,1,1,0,3,2,0,2,2,0,1,1,2,0,1,0,3,1,1,1,2,0,1,2,1,34,1.0,7,9,0
25,2,1.0,1.0,0,2,0,0,1,2,0,0,1,1,1,0,1,0,0,1,1,2,1,1,1,1,1,1,2,1,32,0.0,7,9,0
26,4,1.0,1.0,0,1,0,0,0,2,2,0,2,2,0,0,0,2,2,1,2,1,2,1,1,1,1,1,0,1,32,0.0,4,9,0
27,4,1.0,1.0,1,1,0,1,1,1,0,0,1,1,1,0,1,0,0,0,0,1,0,0,1,1,1,1,1,2,30,0.0,7,2,2
28,6,1.0,1.0,0,2,0,0,0,1,2,0,0,2,0,0,0,0,0,2,2,2,0,0,1,2,0,0,0,1,31,0.0,7,6,0
29,3,1.0,1.0,1,2,0,0,1,1,0,0,2,1,1,0,1,1,1,0,0,2,2,0,1,1,0,0,0,2,36,0.0,7,9,2
30,4,1.0,1.0,0,0,0,1,0,2,2,0,0,0,0,1,1,0,0,1,1,2,0,0,0,0,0,0,0,0,33,0.0,4,9,0
31,3,1.0,1.0,1,2,0,1,1,1,0,0,1,2,1,0,1,1,1,2,2,2,1,1,1,1,1,1,2,1,44,0.0,7,7,1
32,4,1.0,1.0,0,1,0,0,0,2,0,0,1,1,1,0,1,2,2,2,1,2,1,0,0,2,0,0,0,2,29,0.0,7,9,0
33,4,1.0,1.0,0,2,1,0,0,2,0,0,2,1,0,0,1,1,2,2,0,1,0,1,1,2,1,1,0,2,29,0.0,7,9,2
34,6,1.0,1.0,1,1,0,0,0,3,2,0,1,1,0,1,1,1,1,2,2,1,1,0,0,0,0,0,0,0,44,0.0,3,9,1
35,4,1.0,1.0,1,2,0,0,1,2,0,0,2,1,0,0,1,2,2,0,0,2,2,0,1,1,0,1,0,2,40,0.0,7,6,1
36,6,1.0,1.0,1,2,0,0,1,4,1,2,1,1,0,0,1,2,0,2,2,1,2,1,1,1,0,1,1,1,46,1.0,5,9,0
37,6,0.0,0.0,0,2,0,0,0,4,2,0,0,0,0,0,1,0,0,1,1,2,0,0,0,0,0,0,0,0,41,0.0,7,8,0
38,2,1.0,1.0,1,1,0,1,0,2,2,2,2,2,0,0,1,0,0,1,1,2,1,1,1,1,1,1,2,1,33,0.0,7,3,2
39,2,1.0,1.0,0,0,0,0,0,0,2,0,0,2,0,0,1,2,2,2,2,2,0,0,2,2,0,0,0,2,45,0.0,7,3,2
40,2,1.0,1.0,1,1,0,0,1,1,0,0,1,2,0,0,1,0,0,2,2,2,0,0,2,1,1,1,1,1,37,1.0,7,1,1
41,3,1.0,1.0,0,2,0,0,0,2,2,2,0,0,0,0,1,0,0,1,2,3,2,0,1,1,1,1,2,1,37,0.0,6,9,0
42,2,1.0,1.0,1,1,0,0,1,1,2,2,1,1,0,0,1,1,1,2,2,2,2,1,0,0,0,0,0,0,27,0.0,7,1,2
43,6,1.0,1.0,1,1,0,1,0,4,2,2,2,1,1,0,1,2,0,2,0,3,1,1,1,1,1,1,0,2,36,0.0,7,1,2
44,5,0.0,0.0,1,1,0,0,0,0,2,0,2,2,0,0,1,2,0,1,2,3,0,0,2,2,1,1,0,1,34,0.0,7,8,1
45,6,0.0,0.0,1,0,1,1,0,4,2,2,1,1,0,0,1,0,0,2,0,2,0,0,0,0,0,0,0,0,31,1.0,7,2,2
46,3,1.0,1.0,1,1,0,1,0,2,0,0,1,1,1,0,0,2,2,2,0,2,0,1,2,2,1,1,0,1,30,0.0,7,7,0
47,4,0.0,0.0,1,1,0,0,1,4,2,0,2,1,0,0,1,1,0,1,2,2,2,1,2,2,0,0,2,1,32,0.0,3,9,0
48,2,0.0,0.0,1,2,0,0,0,4,0,0,0,2,0,0,1,2,0,0,2,2,0,0,2,2,0,0,0,0,40,1.0,7,6,2
49,4,0.0,0.0,0,0,0,0,0,3,2,0,2,0,0,0,1,1,2,2,0,0,0,0,0,0,0,0,0,0,40,0.0,7,3,2
50,6,1.0,1.0,1,2,1,1,0,3,0,0,2,1,0,0,1,2,2,1,1,2,2,0,0,2,0,0,2,2,41,0.0,7,9,2
51,3,0.0,0.0,0,2,0,0,0,5,1,0,0,2,0,0,1,1,2,1,1,2,2,0,1,2,1,1,0,1,27,0.0,7,9,0
52,3,1.0,1.0,1,1,0,0,0,2,0,0,1,1,0,0,1,2,2,2,0,2,1,0,0,0,0,0,0,0,30,0.0,7,2,2
53,2,0.0,0.0,0,1,0,0,0,4,2,0,2,2,0,1,1,1,0,1,1,2,1,1,1,1,1,1,0,1,35,1.0,7,5,0
54,6,1.0,1.0,1,2,1,1,0,3,2,2,0,0,0,0,1,1,0,1,1,2,1,1,1,1,1,1,1,1,29,0.0,7,4,1
55,4,1.0,1.0,1,2,0,0,1,0,2,2,0,2,0,0,1,2,0,1,2,2,0,1,2,0,0,0,0,0,28,0.0,7,2,0
56,3,0.0,0.0,0,1,0,0,1,1,0,0,0,1,1,0,1,0,0,2,1,1,0,0,1,2,1,1,0,1,27,0.0,5,9,2
57,4,1.0,1.0,1,2,0,0,0,3,0,0,2,2,0,0,0,1,2,2,2,2,0,0,0,0,0,0,0,0,28,0.0,7,9,2
58,2,0.0,0.0,0,0,0,0,0,5,1,2,0,0,0,0,1,0,0,1,1,0,0,1,0,0,0,0,0,0,46,0.0,7,4,2
59,1,1.0,1.0,0,0,0,0,0,1,0,0,1,1,0,0,1,1,1,2,0,1,0,0,1,0,1,1,0,0,40,0.0,5,9,2
60,3,1.0,1.0,1,1,0,0,1,1,0,0,2,1,1,0,1,2,0,2,0,2,0,1,2,2,0,0,0,2,37,0.0,7,3,1
61,3,1.0,1.0,0,2,0,0,0,1,0,0,2,1,0,0,1,2,0,2,0,2,0,1,0,0,0,0,0,0,41,0.0,5,9,2
62,2,1.0,1.0,0,2,0,0,0,2,0,0,1,2,1,0,1,2,2,2,0,2,0,0,0,0,0,0,0,0,38,1.0,5,9,0
63,3,1.0,1.0,0,2,0,0,0,4,2,0,0,0,0,0,1,1,0,2,2,3,0,0,0,0,0,0,0,0,33,0.0,7,3,2
64,3,1.0,1.0,1,1,0,1,1,1,0,0,2,1,1,0,1,1,2,2,0,1,0,1,1,1,1,1,0,2,33,0.0,7,3,1
65,1,1.0,1.0,1,1,0,0,1,0,0,0,2,1,0,0,1,0,0,2,2,2,0,0,0,0,0,0,0,0,21,0.0,7,9,0
66,1,1.0,1.0,0,0,0,0,0,5,2,2,0,0,0,1,1,0,0,2,2,2,1,1,1,1,0,0,1,1,36,0.0,7,9,0
67,3,1.0,1.0,0,2,0,0,1,2,0,0,2,1,1,0,0,1,2,0,0,2,0,0,0,0,0,0,0,0,35,0.0,7,5,2
68,2,1.0,1.0,1,0,0,0,0,3,2,0,0,2,0,0,1,2,1,2,2,2,1,0,2,2,0,0,0,0,45,0.0,7,6,0
69,3,1.0,1.0,0,0,0,0,0,4,2,0,2,2,0,0,1,1,0,1,2,2,0,0,2,2,0,0,0,0,41,0.0,3,9,0
70,3,1.0,1.0,0,2,0,0,0,4,2,0,0,0,0,0,1,2,2,1,1,3,1,0,1,1,1,1,2,1,35,0.0,7,9,2
71,3,1.0,1.0,0,2,1,1,1,1,0,0,2,2,1,0,0,0,0,0,0,1,0,1,1,1,1,1,2,1,24,1.0,7,5,2
72,4,0.0,0.0,0,2,0,0,0,0,2,0,0,0,0,0,1,2,0,2,2,2,2,0,1,0,1,1,0,2,33,0.0,7,9,0
73,6,1.0,1.0,1,1,0,1,0,3,2,2,2,2,0,0,1,0,0,1,1,2,0,1,1,2,1,1,0,1,35,0.0,7,7,2
74,2,1.0,1.0,0,2,1,0,0,3,0,0,2,1,1,0,1,1,2,2,2,2,2,0,0,1,0,0,0,2,26,0.0,7,9,2
75,2,1.0,1.0,0,2,0,0,0,4,1,0,0,1,0,1,1,1,1,2,1,0,1,0,0,0,0,0,0,2,32,0.0,7,9,1
76,2,0.0,0.0,0,2,0,0,0,3,0,0,2,1,0,0,1,2,2,2,2,2,2,0,1,1,1,1,2,1,29,1.0,7,6,2
77,4,1.0,1.0,1,2,0,0,0,3,0,0,2,2,0,0,1,1,0,0,2,2,0,1,1,1,1,1,0,1,26,0.0,7,1,2
78,3,1.0,1.0,0,2,0,0,0,1,0,0,2,2,0,0,1,0,0,1,1,0,1,0,0,0,0,0,0,0,36,1.0,7,2,1
79,3,1.0,1.0,0,2,1,0,1,0,0,0,0,0,1,0,1,2,2,2,0,2,0,0,0,0,0,0,0,0,46,0.0,7,5,2
80,4,1.0,1.0,1,1,0,0,0,4,2,0,2,1,0,0,1,0,0,2,2,2,0,1,1,1,1,1,2,1,28,1.0,7,1,2
81,5,1.0,1.0,1,0,0,0,0,3,2,0,0,0,0,0,1,0,0,1,1,0,2,0,0,0,0,0,0,0,40,0.0,7,7,2
82,4,1.0,1.0,0,0,0,0,0,0,1,0,2,1,0,0,0,2,0,1,2,1,0,0,1,1,1,1,1,1,23,0.0,7,2,2
83,2,1.0,1.0,0,2,0,0,0,3,0,0,1,1,0,0,1,1,1,2,2,2,0,1,0,0,0,0,0,0,30,0.0,7,3,2
84,3,1.0,1.0,0,2,0,0,0,1,2,2,0,0,0,0,1,0,0,1,1,2,0,1,2,0,0,0,0,0,28,1.0,7,5,2
85,3,1.0,1.0,0,2,0,0,0,4,1,0,2,2,0,1,0,0,0,2,2,2,2,0,2,2,0,0,0,2,27,0.0,5,9,0
86,3,1.0,1.0,1,1,0,0,0,4,2,0,2,0,0,0,1,2,2,2,2,2,2,1,1,2,0,1,2,2,39,1.0,7,3,0
87,6,1.0,1.0,1,1,0,1,1,0,2,2,2,2,0,0,1,2,2,2,2,2,2,1,0,1,1,1,2,2,34,1.0,7,2,1
88,2,1.0,1.0,1,1,0,0,1,1,0,0,0,1,1,0,0,0,0,1,0,2,0,0,1,1,1,1,0,1,30,0.0,7,3,2
89,4,0.0,0.0,0,0,0,0,0,2,0,0,1,1,0,0,1,1,1,2,2,0,2,0,0,2,0,0,0,0,31,0.0,7,6,2
90,3,1.0,1.0,1,1,1,1,1,1,0,0,1,1,1,0,1,1,0,2,0,2,0,1,1,1,1,1,2,1,30,0.0,7,1,1
91,6,1.0,1.0,1,2,0,0,0,4,1,0,0,0,0,0,0,0,0,1,2,2,0,1,2,2,0,0,0,0,32,0.0,7,5,2
92,3,0.0,0.0,1,1,0,1,1,0,2,2,2,2,0,0,1,2,2,2,0,2,0,0,0,0,0,0,0,0,51,0.0,7,5,2
93,3,0.0,0.0,0,0,0,0,0,0,0,0,2,1,0,0,1,2,2,0,2,1,0,1,1,1,1,1,0,1,26,0.0,7,3,2
94,3,1.0,1.0,1,1,1,1,1,2,0,0,1,1,1,0,1,1,0,2,0,1,1,1,1,0,1,1,0,1,41,1.0,7,6,2
95,4,1.0,1.0,0,2,0,0,0,3,0,0,2,2,0,0,1,2,0,1,2,2,0,1,1,1,1,1,0,1,39,1.0,7,3,2
96,2,1.0,1.0,1,0,0,0,0,3,2,0,0,0,0,0,1,0,0,1,1,3,2,1,1,2,1,1,0,2,43,0.0,7,3,2
97,5,1.0,1.0,0,2,0,0,0,3,0,0,1,1,0,0,1,1,1,2,0,1,0,1,0,2,0,0,0,0,30,0.0,7,9,2
98,3,1.0,1.0,1,1,1,0,0,1,0,0,2,1,1,0,1,2,0,2,0,0,0,0,0,0,0,0,0,0,24,1.0,7,5,2
99,3,0.0,0.0,0,1,0,0,0,4,1,2,0,2,0,0,1,2,0,1,0,2,1,1,1,1,1,1,0,1,28,1.0,4,9,2
100,1,0.0,0.0,0,0,1,0,0,5,1,2,1,0,0,0,1,2,0,2,2,2,1,0,2,2,0,1,0,1,36,1.0,7,5,2
101,4,1.0,1.0,0,0,0,0,0,1,2,2,1,1,0,0,1,0,2,2,0,1,0,0,0,0,0,0,0,0,34,0.0,7,9,2
102,3,1.0,1.0,1,0,0,0,0,2,2,0,0,2,1,0,1,2,0,1,1,3,0,0,0,0,0,0,0,0,44,1.0,7,5,2
103,6,0.0,0.0,0,2,0,0,0,5,2,2,0,2,0,0,1,0,0,2,2,2,0,0,1,2,1,1,0,2,45,0.0,7,8,2
104,2,1.0,1.0,1,0,0,0,0,4,1,2,2,0,0,0,1,2,0,1,1,0,1,0,1,2,1,1,0,1,45,0.0,7,7,2
105,5,1.0,1.0,0,2,0,0,0,4,1,0,2,1,0,0,1,1,0,1,2,2,1,1,1,1,1,1,0,2,30,0.0,7,1,2
106,6,0.0,0.0,1,0,0,1,1,0,2,0,2,1,0,0,1,0,0,1,2,3,1,0,1,1,1,1,0,0,34,0.0,7,3,2
107,6,1.0,1.0,0,0,1,0,0,3,0,0,2,1,1,0,1,0,0,0,0,2,2,1,0,0,0,0,0,0,37,0.0,7,2,2
108,6,0.0,0.0,1,2,0,0,1,0,2,0,0,2,0,0,1,2,2,1,2,0,0,0,0,0,0,0,0,0,38,0.0,7,3,2
109,3,1.0,1.0,1,0,0,0,0,0,0,0,0,2,1,0,1,2,0,2,2,3,0,0,0,2,1,1,0,2,31,0.0,7,3,2
110,3,1.0,1.0,0,2,0,0,0,2,0,0,1,1,0,0,1,1,2,2,0,2,0,0,0,0,0,0,0,0,33,0.0,7,8,1
111,4,1.0,1.0,1,1,0,0,0,4,1,0,0,0,0,0,1,2,0,2,2,2,2,0,1,1,1,1,0,2,29,1.0,7,2,2
112,4,1.0,1.0,1,1,1,1,1,2,0,0,1,1,0,0,1,1,2,2,0,1,1,1,1,1,1,1,0,2,35,0.0,7,1,2
113,1,1.0,1.0,0,1,0,0,0,5,2,2,0,0,0,0,1,0,0,1,1,2,1,1,1,1,1,1,2,1,42,1.0,3,9,1
114,3,1.0,1.0,0,0,0,0,0,0,1,2,0,2,0,0,1,0,0,1,2,2,2,0,0,0,0,0,0,0,26,1.0,7,5,2
115,5,1.0,1.0,1,0,0,0,0,0,2,0,2,1,1,0,1,2,2,1,1,2,2,1,2,2,1,1,2,2,36,1.0,7,3,1
116,3,1.0,1.0,0,2,0,0,0,0,2,2,2,2,0,0,0,2,0,1,1,2,0,1,1,1,1,1,2,2,21,0.0,7,9,0
117,3,1.0,1.0,1,2,0,0,0,2,2,0,0,1,1,0,1,1,0,1,1,1,0,0,1,1,1,1,0,1,34,1.0,7,7,2
118,3,1.0,1.0,1,0,0,0,0,5,1,2,2,2,0,1,1,2,0,1,0,2,1,0,1,1,1,1,0,1,35,0.0,7,5,2
119,2,1.0,1.0,1,1,0,0,0,2,0,0,1,1,1,0,1,2,0,1,2,1,2,0,0,0,0,1,0,1,44,0.0,7,7,2
120,2,1.0,1.0,0,0,0,0,0,4,0,0,1,1,1,0,1,2,2,0,2,1,1,1,1,0,1,0,2,2,35,0.0,3,9,2
121,6,1.0,1.0,0,2,0,0,0,5,1,2,0,0,0,1,1,0,0,1,1,2,1,0,0,0,0,0,0,0,45,0.0,7,6,2
122,6,0.0,0.0,1,1,0,1,1,1,0,0,2,1,1,0,1,1,1,0,0,1,0,0,1,1,1,1,0,2,42,0.0,7,5,2
123,4,1.0,1.0,1,0,0,0,0,0,2,0,2,2,0,0,1,2,2,2,2,2,0,1,2,2,0,1,0,2,36,0.0,7,2,1
124,3,1.0,1.0,0,0,1,0,0,1,0,0,1,1,0,0,1,2,2,1,0,2,0,0,2,0,0,0,0,0,29,0.0,7,7,1
125,4,1.0,1.0,1,0,0,0,0,2,2,2,1,1,0,0,0,1,2,1,0,0,0,0,0,0,0,0,0,0,37,0.0,7,1,0
126,3,1.0,1.0,0,2,0,0,1,5,1,2,2,2,0,0,1,0,0,1,0,3,2,0,1,1,1,1,2,1,31,0.0,7,1,2
127,6,0.0,0.0,0,0,0,0,0,4,1,2,0,0,0,0,1,0,0,1,1,2,2,0,0,0,0,0,0,0,42,0.0,3,9,1
128,5,1.0,1.0,1,1,0,0,1,2,2,2,0,0,0,0,1,0,0,1,2,3,0,0,2,0,0,0,0,0,25,0.0,7,5,2
129,2,1.0,1.0,1,1,0,1,1,1,0,0,2,1,1,0,1,1,0,1,2,2,1,1,1,1,1,1,2,1,27,0.0,7,1,2
130,6,0.0,0.0,1,1,0,0,0,4,2,2,2,2,1,0,1,0,0,1,1,1,2,0,1,1,1,1,2,1,41,1.0,7,2,0
131,4,1.0,1.0,1,1,0,1,0,2,2,0,2,0,0,0,0,1,0,1,2,2,2,0,1,1,0,0,0,1,41,1.0,7,1,2
132,6,0.0,0.0,1,1,1,1,1,1,1,2,0,0,1,0,0,2,0,1,1,0,0,0,0,0,0,1,0,0,55,1.0,7,1,0
133,6,1.0,1.0,1,1,1,1,1,3,2,0,2,2,0,0,1,1,2,1,2,2,2,0,1,1,0,0,0,0,21,0.0,7,1,0
134,6,0.0,0.0,0,2,1,0,0,1,2,2,0,2,1,0,1,2,2,1,2,0,0,0,0,0,0,0,0,0,37,0.0,5,9,0
135,6,0.0,0.0,0,0,0,0,1,1,2,2,2,1,0,0,1,2,2,2,2,0,2,0,0,0,0,0,0,0,34,1.0,5,9,2
136,6,0.0,0.0,1,1,0,1,0,0,2,0,0,0,0,0,1,2,0,2,2,2,0,0,0,2,0,0,0,2,40,0.0,7,9,0
137,6,0.0,0.0,1,2,1,0,0,2,2,0,0,2,0,0,1,1,0,1,1,0,2,0,0,2,0,0,0,2,36,0.0,4,9,2
138,3,1.0,1.0,0,2,0,0,0,2,2,2,1,2,0,0,1,2,0,1,1,2,1,0,0,2,0,0,2,2,25,0.0,4,9,0
139,4,1.0,1.0,0,2,0,0,0,3,2,0,2,1,0,0,1,2,2,2,2,2,0,0,0,0,0,0,0,0,35,0.0,7,8,1
140,2,1.0,1.0,0,2,0,0,0,3,2,2,2,2,0,0,1,2,0,1,2,2,2,0,2,0,0,1,0,0,37,0.0,7,3,1
141,6,0.0,0.0,1,0,0,1,0,3,2,2,0,2,0,0,1,0,0,1,1,2,0,0,2,2,0,0,0,2,45,0.0,7,2,2
142,2,1.0,1.0,0,2,0,0,0,3,2,2,1,1,0,0,1,0,0,1,2,0,2,1,1,1,1,1,2,1,26,0.0,7,7,0
143,3,1.0,1.0,1,2,0,0,1,2,2,2,2,0,0,0,0,2,0,1,2,2,0,0,0,0,0,0,0,0,23,0.0,7,5,2
144,3,1.0,1.0,1,1,0,0,1,4,2,0,0,0,0,0,1,2,2,1,2,2,1,1,1,1,1,1,2,1,22,1.0,7,7,2
145,3,1.0,1.0,0,2,0,0,0,2,0,0,2,2,0,0,1,0,0,2,1,2,2,1,1,1,1,1,0,1,46,1.0,7,5,1
146,2,1.0,1.0,0,2,1,0,1,2,0,0,1,1,1,0,1,1,1,2,2,3,0,0,0,0,0,0,0,0,31,0.0,7,9,2
147,4,1.0,1.0,1,2,0,0,0,1,0,0,1,1,1,0,1,1,2,0,0,1,0,1,2,1,1,1,2,1,27,0.0,7,1,1
148,2,1.0,1.0,0,2,0,1,0,1,0,0,1,1,1,0,1,2,2,2,0,1,0,0,2,0,0,0,0,0,37,0.0,7,9,2
149,4,1.0,1.0,0,2,0,0,0,3,2,2,0,0,1,0,0,2,2,1,0,2,0,0,0,0,0,0,0,0,37,0.0,7,9,0
150,1,1.0,1.0,0,2,1,0,0,1,0,0,1,1,1,0,1,2,0,1,0,2,1,0,1,2,1,1,0,1,26,0.0,5,9,2
151,5,1.0,1.0,0,0,0,0,1,1,0,0,2,1,0,0,1,0,0,2,0,0,0,1,0,0,0,1,0,2,23,0.0,5,9,0
152,3,1.0,1.0,1,1,0,0,1,4,2,0,2,2,1,0,1,2,2,1,2,2,1,1,1,1,1,1,0,1,40,0.0,7,2,0
153,1,1.0,1.0,0,0,0,0,0,2,0,0,2,1,0,0,1,1,2,2,0,2,0,0,0,0,0,0,0,0,29,0.0,7,9,2
154,4,1.0,1.0,1,1,1,1,1,2,0,0,1,1,1,0,1,2,2,0,0,2,0,0,1,1,1,1,2,1,37,0.0,7,1,2
155,4,1.0,1.0,1,1,0,1,1,4,0,0,1,1,1,0,1,2,0,2,2,0,2,1,2,0,0,1,0,0,34,1.0,7,1,0
156,6,1.0,1.0,1,0,0,0,0,1,0,0,1,1,1,0,1,2,2,0,2,1,0,0,1,1,1,1,0,1,40,0.0,7,5,2
157,5,1.0,1.0,1,0,0,0,0,1,2,0,2,2,0,0,1,1,0,1,1,1,2,0,1,2,1,1,0,2,39,0.0,7,1,2
158,5,1.0,1.0,1,2,0,1,0,2,2,0,2,2,1,0,1,2,2,2,2,2,0,1,1,1,1,1,0,2,28,0.0,7,7,1
159,3,1.0,1.0,0,0,0,0,0,3,0,0,0,0,0,0,1,2,0,2,0,2,0,1,0,0,0,0,0,0,27,0.0,4,9,2
160,6,1.0,1.0,1,1,0,0,0,4,2,2,1,1,0,0,1,2,2,2,2,2,1,0,1,1,1,1,2,1,49,1.0,7,2,2
161,3,1.0,1.0,0,2,0,0,0,2,2,0,1,1,0,0,1,1,0,1,2,1,0,0,1,1,1,1,2,1,35,0.0,7,9,0
162,4,1.0,1.0,0,0,0,0,0,2,2,0,2,2,0,0,1,2,0,2,0,1,1,1,1,1,1,1,2,1,35,0.0,7,9,2
163,5,1.0,1.0,1,1,1,1,1,3,2,0,1,2,1,0,1,1,0,2,2,3,2,1,1,0,1,1,0,1,32,0.0,7,1,2
164,6,1.0,1.0,1,1,0,1,0,4,1,2,0,0,0,0,1,2,0,1,1,2,0,1,1,1,1,1,2,1,42,0.0,7,2,2
165,4,1.0,1.0,1,1,0,1,1,4,2,0,2,1,1,0,1,2,0,1,1,2,2,1,1,2,0,1,2,1,33,1.0,7,4,1
166,3,1.0,1.0,0,2,0,0,1,1,0,0,1,1,0,0,1,1,1,0,0,1,0,0,0,0,0,0,0,0,35,0.0,7,9,1
167,5,1.0,1.0,0,0,0,0,1,2,0,0,1,1,1,0,1,0,0,1,1,2,0,0,2,2,0,0,0,0,24,0.0,7,9,2
168,5,1.0,1.0,1,1,0,1,0,2,0,0,1,1,0,1,1,0,1,2,0,1,1,1,1,1,1,1,2,2,29,1.0,7,1,2
169,4,1.0,1.0,0,2,0,0,0,4,2,0,2,1,1,0,1,1,0,2,2,2,2,0,1,2,0,1,2,2,29,0.0,7,6,1
170,2,1.0,1.0,0,2,0,0,0,2,0,0,2,2,1,0,0,2,2,0,0,2,2,0,0,0,0,0,0,0,24,0.0,7,9,2
171,5,1.0,1.0,0,0,1,0,0,2,2,0,1,2,0,0,1,1,0,1,1,1,0,1,2,0,0,1,2,1,30,0.0,7,9,1
172,3,1.0,1.0,0,0,0,0,0,4,2,0,0,0,0,0,1,0,0,0,0,1,0,0,1,1,1,1,2,1,30,0.0,7,5,1
173,2,1.0,1.0,0,0,0,0,0,4,1,0,0,0,0,0,1,1,2,2,1,2,0,1,1,1,1,1,0,1,44,0.0,7,5,1
174,4,1.0,1.0,1,2,0,1,0,2,0,0,2,2,0,0,1,2,2,2,0,3,0,0,0,0,0,0,0,0,37,0.0,7,9,1
175,5,1.0,1.0,0,0,0,0,0,3,0,0,2,2,1,0,1,0,0,1,2,2,0,0,0,0,0,0,0,0,28,0.0,4,9,2
176,4,1.0,1.0,1,1,0,0,1,2,0,0,2,1,1,0,1,2,2,0,0,3,0,1,1,0,1,1,0,2,42,0.0,7,5,1
177,1,1.0,1.0,1,0,0,0,0,2,2,0,1,1,0,0,1,2,0,1,0,2,1,1,1,1,1,1,0,2,30,1.0,7,9,2
178,4,1.0,1.0,0,2,0,0,0,0,2,2,0,2,0,0,1,2,0,1,0,2,0,0,2,2,0,1,1,1,36,0.0,7,9,2
179,5,1.0,1.0,0,0,0,0,0,3,2,2,0,2,1,0,1,1,2,1,0,0,0,0,0,0,0,0,0,0,30,0.0,7,9,2
180,2,1.0,1.0,0,0,0,0,0,3,2,2,0,0,1,0,1,2,2,2,0,0,2,0,0,0,0,0,0,0,29,0.0,7,1,1
181,5,1.0,1.0,0,0,0,0,0,0,2,2,2,2,0,0,0,2,0,2,2,0,0,0,0,0,0,0,0,0,25,0.0,7,1,2
182,3,1.0,1.0,0,2,0,0,0,2,0,0,2,2,1,0,0,1,2,2,2,2,0,0,0,0,0,0,0,0,25,0.0,7,9,2
183,5,1.0,1.0,0,2,0,0,0,2,0,0,2,2,0,0,0,2,2,2,0,2,0,0,0,0,0,0,0,0,24,0.0,7,9,0
184,6,1.0,1.0,0,0,0,0,0,2,1,0,0,0,0,0,0,1,0,1,0,2,0,0,1,1,0,1,0,2,25,0.0,7,9,2
185,3,1.0,1.0,1,1,0,0,1,1,0,0,1,1,1,0,1,1,1,0,0,1,0,0,1,1,1,0,0,0,31,0.0,7,9,0
186,3,1.0,1.0,1,0,0,0,0,0,2,0,2,0,1,0,1,2,2,2,2,2,2,1,0,0,0,0,0,0,37,0.0,3,9,2
187,4,1.0,1.0,0,0,0,0,0,2,0,0,2,1,0,0,1,2,2,0,2,2,0,0,0,0,0,0,0,0,35,0.0,7,1,0
188,2,1.0,1.0,0,2,1,0,1,2,2,2,1,1,0,0,1,0,0,1,0,0,0,1,1,0,1,1,0,1,26,1.0,7,9,2
189,4,1.0,1.0,1,1,0,0,1,2,0,0,1,1,1,0,1,2,0,2,2,2,2,0,0,0,0,0,0,0,31,0.0,7,9,1
190,5,1.0,1.0,1,2,0,0,0,2,2,0,2,2,1,0,1,0,0,1,1,2,0,1,2,0,0,1,0,1,29,1.0,7,1,1
191,3,1.0,1.0,0,0,0,0,0,2,2,2,0,0,0,1,1,2,0,1,1,3,1,1,1,0,1,0,0,0,33,0.0,7,9,2
192,3,1.0,1.0,0,2,0,0,0,2,2,0,2,0,1,0,1,2,2,2,0,2,0,0,0,0,0,0,0,0,30,0.0,7,9,1
193,3,1.0,1.0,1,1,0,0,0,3,2,0,1,1,0,0,1,1,2,1,1,2,0,0,1,2,0,0,1,2,30,0.0,7,8,2
194,4,1.0,1.0,1,1,0,1,0,4,2,2,0,0,0,1,0,0,0,1,1,2,1,1,1,1,1,1,2,2,29,1.0,7,1,0
195,3,1.0,1.0,0,0,0,1,0,4,2,2,0,0,0,0,0,0,0,1,1,0,2,0,1,1,1,1,0,1,25,1.0,7,1,2
196,6,0.0,0.0,1,1,1,1,1,1,0,0,2,1,1,0,1,1,1,2,2,2,1,1,1,0,0,1,0,0,27,0.0,7,5,0
197,5,1.0,1.0,1,2,0,0,1,1,0,0,0,0,1,0,1,1,2,0,0,2,2,0,0,0,0,0,0,0,26,0.0,4,9,2
198,5,1.0,1.0,1,1,0,0,1,1,0,0,1,1,1,0,1,1,2,2,0,1,0,1,0,0,0,0,0,0,38,1.0,7,2,1
199,6,1.0,1.0,1,1,1,1,0,5,1,0,2,0,0,0,1,0,0,1,1,2,2,1,1,1,1,1,0,2,49,0.0,7,6,2
200,3,1.0,1.0,1,1,0,1,1,1,0,0,1,1,1,0,1,1,1,2,0,1,0,1,0,0,0,0,0,0,30,0.0,7,4,2
201,4,1.0,1.0,0,0,0,0,0,1,2,0,0,0,0,0,1,2,1,1,1,2,1,0,0,0,0,0,0,0,31,0.0,7,9,0
202,4,1.0,1.0,0,0,0,0,0,1,2,0,2,2,0,0,0,2,1,2,2,2,0,0,0,0,0,0,0,0,31,0.0,4,9,2
203,4,1.0,1.0,0,2,1,0,0,3,1,2,0,0,1,0,1,2,0,1,1,2,0,0,2,2,0,1,0,1,34,0.0,4,9,0
204,2,1.0,1.0,0,0,0,0,0,2,2,0,1,2,0,0,1,2,2,2,0,2,0,0,1,0,0,1,0,1,28,0.0,7,5,2
205,5,1.0,1.0,0,2,0,0,0,1,0,0,0,2,0,0,1,0,0,2,2,2,0,0,0,0,0,0,0,0,27,0.0,4,9,1
206,2,1.0,1.0,0,2,0,0,0,3,2,2,2,2,0,0,1,2,2,2,2,3,0,0,2,2,1,1,2,2,37,1.0,7,2,2
207,6,1.0,1.0,0,2,1,1,1,1,1,0,2,2,1,0,1,2,0,1,0,2,1,0,1,1,1,1,2,1,45,0.0,7,9,2
208,2,1.0,1.0,0,2,0,0,0,2,0,0,2,1,1,0,1,0,0,0,2,2,1,1,1,1,1,1,2,1,31,1.0,7,6,1
209,6,0.0,0.0,0,2,0,0,0,4,2,2,0,0,0,0,1,0,0,1,1,0,2,0,2,0,0,0,0,0,36,0.0,7,4,0
210,5,1.0,1.0,1,1,0,1,0,0,2,0,2,2,0,0,1,1,2,2,2,2,2,1,1,1,1,1,1,1,30,0.0,7,1,0
211,6,1.0,1.0,1,1,1,1,1,5,2,2,0,2,0,0,1,2,0,1,1,2,0,1,1,1,1,1,0,1,33,1.0,7,9,2
212,5,1.0,1.0,1,2,0,1,0,0,2,0,0,0,0,1,1,1,0,1,1,0,1,0,1,1,1,1,0,2,45,1.0,3,9,1
213,3,1.0,1.0,1,1,1,1,0,2,0,0,2,1,1,0,1,0,0,2,0,2,1,1,1,1,1,1,0,1,30,1.0,7,6,2
214,3,1.0,1.0,1,1,1,0,1,3,2,2,2,2,0,1,1,2,0,1,1,2,1,1,1,1,1,1,0,1,30,0.0,7,6,2
215,1,0.0,0.0,0,1,1,0,0,2,0,0,1,1,0,0,1,2,2,1,0,1,0,1,0,0,0,0,0,2,36,0.0,7,9,2
216,3,1.0,1.0,1,1,1,1,1,2,0,0,2,2,1,1,1,2,2,2,2,2,1,1,1,2,1,1,0,1,28,0.0,7,6,0
217,3,1.0,1.0,1,2,0,0,0,2,0,0,2,1,1,0,1,0,0,2,2,2,0,0,1,1,1,1,2,1,36,0.0,7,6,2
218,5,1.0,1.0,1,1,0,0,0,3,2,0,2,0,0,0,1,1,0,2,2,2,2,1,2,2,1,1,2,1,37,1.0,7,1,2
219,3,1.0,1.0,1,2,0,1,1,1,0,0,1,1,1,0,1,0,0,0,0,1,0,1,1,2,0,1,0,1,29,0.0,7,6,2
220,3,1.0,1.0,1,1,0,1,1,1,0,0,1,1,1,0,1,0,0,0,0,2,2,1,1,1,1,1,0,1,25,0.0,7,6,2
221,3,1.0,1.0,1,0,1,1,1,3,0,0,2,1,0,0,1,0,0,1,1,2,1,0,0,0,0,0,0,0,34,1.0,7,6,2
222,6,0.0,0.0,1,1,1,1,1,3,2,2,2,2,1,1,1,2,0,1,2,1,1,0,0,0,0,1,2,0,37,0.0,3,9,2
223,6,1.0,1.0,1,1,0,1,0,3,2,0,2,1,0,0,1,0,0,2,2,2,1,1,1,1,1,1,0,1,40,1.0,7,7,2
224,4,1.0,1.0,1,1,1,1,0,4,1,2,2,0,0,0,1,0,0,1,1,1,2,0,2,2,0,0,0,2,32,0.0,7,4,1
225,3,1.0,1.0,0,0,0,0,0,2,2,0,2,2,0,0,1,2,0,1,2,2,2,0,2,0,0,0,0,0,38,0.0,7,9,0
226,3,1.0,1.0,1,2,1,0,0,4,2,0,2,2,0,0,1,2,0,2,0,2,1,1,1,1,1,1,2,1,31,1.0,7,6,2
227,3,1.0,1.0,1,1,0,1,1,1,0,0,1,1,1,0,1,2,2,2,0,2,2,1,0,0,0,1,2,1,28,1.0,7,6,2
228,4,1.0,1.0,0,0,0,0,0,5,1,2,0,0,0,1,1,1,0,1,0,2,1,1,1,1,1,1,1,1,27,1.0,7,9,2
229,3,1.0,1.0,1,1,0,1,1,2,2,0,2,2,0,0,1,2,0,2,2,2,1,0,1,1,1,1,2,1,28,1.0,7,6,2
230,2,1.0,1.0,0,1,0,0,0,2,0,0,0,2,1,1,1,0,2,2,0,2,0,1,1,1,1,1,0,1,26,0.0,4,9,1
231,3,1.0,1.0,1,1,1,1,1,1,0,0,1,1,1,0,1,1,1,2,0,1,0,1,1,0,0,1,0,1,40,0.0,7,6,2
232,6,1.0,1.0,1,1,1,1,1,2,0,0,1,1,1,0,1,2,2,2,0,2,1,0,1,1,1,1,2,1,42,0.0,7,7,2
233,3,1.0,1.0,1,2,0,1,0,1,0,0,2,2,1,0,1,0,0,2,0,3,0,0,0,0,0,0,0,0,36,0.0,7,6,0
234,5,1.0,1.0,1,1,0,0,0,5,2,2,2,2,0,0,0,1,0,2,2,2,2,0,2,1,1,1,2,1,24,0.0,7,6,0
235,4,0.0,0.0,0,2,0,1,0,5,1,1,0,2,0,1,1,1,2,1,1,0,2,0,2,2,0,1,0,2,44,0.0,7,5,0
236,6,1.0,1.0,1,2,0,0,0,3,0,0,1,0,0,0,1,2,2,0,0,2,0,0,0,1,1,1,0,2,31,0.0,7,7,1
237,3,1.0,1.0,1,0,1,0,1,5,2,2,2,0,0,0,1,2,2,2,2,2,2,1,0,0,0,0,0,0,27,1.0,7,1,2
238,6,1.0,1.0,1,2,0,1,0,2,0,0,0,2,0,0,1,2,0,1,2,0,1,1,2,0,0,1,0,2,27,0.0,7,8,1
239,4,1.0,1.0,1,1,0,0,0,0,0,0,2,2,0,0,1,0,0,0,0,0,0,0,1,0,1,1,0,0,28,0.0,7,1,2
240,2,1.0,1.0,1,1,0,0,0,5,1,2,0,0,0,0,1,0,0,1,1,2,0,1,1,2,1,1,0,2,20,1.0,7,1,0
241,4,0.0,0.0,0,2,0,1,0,3,1,0,2,2,0,0,1,0,0,2,2,2,1,0,1,1,1,1,2,0,38,0.0,6,9,2
242,4,1.0,1.0,0,0,0,0,0,4,1,2,0,0,0,0,1,0,0,2,1,2,2,1,1,1,0,0,2,2,29,0.0,7,1,0
243,4,1.0,1.0,1,0,0,0,0,1,2,0,2,2,0,1,1,1,0,1,2,2,1,1,1,1,1,1,2,1,44,1.0,7,7,1
244,5,1.0,1.0,0,2,0,1,0,3,0,0,0,1,1,0,1,1,1,2,2,2,0,0,0,0,0,0,0,0,31,0.0,7,1,2
245,2,1.0,1.0,0,0,0,0,0,4,1,2,0,0,0,0,1,0,0,1,1,2,1,1,1,1,1,1,0,1,54,0.0,7,3,2
246,5,1.0,1.0,0,0,0,0,0,2,0,0,0,2,0,0,1,2,2,2,2,3,0,1,0,0,0,0,0,0,33,0.0,4,9,2
247,2,1.0,1.0,0,0,0,0,0,0,2,2,0,0,0,1,1,2,2,1,2,0,1,0,0,0,0,0,0,0,29,0.0,5,9,0
248,3,1.0,1.0,0,2,0,0,0,0,0,0,2,2,0,0,1,1,0,2,0,0,2,0,1,2,1,1,0,2,26,0.0,7,9,2
249,3,1.0,1.0,0,0,1,0,0,2,0,0,1,1,1,0,0,2,0,2,2,2,0,1,2,2,0,0,0,2,26,0.0,7,9,0
250,4,1.0,1.0,0,0,0,0,0,0,1,1,0,0,0,0,1,0,0,1,1,2,0,1,1,2,1,1,0,0,38,1.0,7,2,2
251,4,1.0,1.0,0,0,0,0,0,1,0,0,2,2,0,0,1,2,0,0,0,2,0,1,1,1,1,1,2,1,30,0.0,7,9,2
252,6,1.0,1.0,1,2,0,0,1,1,0,0,2,2,1,0,1,2,2,2,2,1,1,1,1,1,1,1,0,2,47,1.0,6,9,2
253,4,0.0,0.0,1,2,1,1,0,1,0,0,1,1,1,0,1,1,1,2,0,1,1,1,2,0,1,1,0,0,33,1.0,7,9,2
254,6,0.0,0.0,0,2,0,0,0,3,0,0,2,2,0,0,1,0,0,2,2,3,1,0,0,0,0,0,0,0,22,0.0,7,9,2
255,2,1.0,1.0,0,2,0,0,0,4,0,0,0,1,0,0,1,2,2,2,0,0,2,0,1,2,0,1,0,0,28,0.0,7,9,0
256,5,1.0,1.0,1,1,1,1,1,2,0,0,1,1,1,0,1,2,2,1,2,1,1,1,1,1,1,1,2,1,31,0.0,7,9,1
257,6,0.0,0.0,0,2,0,0,0,2,2,0,1,1,0,0,1,2,2,0,0,2,1,1,1,1,1,1,2,2,24,0.0,7,9,2
258,1,0.0,0.0,0,2,0,0,0,5,2,2,2,2,0,1,0,1,2,1,1,3,1,0,2,0,1,0,2,2,56,0.0,6,9,2
259,4,1.0,1.0,0,2,0,0,1,0,2,0,2,2,0,0,1,2,2,2,2,0,2,0,0,0,0,0,0,0,39,0.0,7,2,1
260,1,1.0,1.0,0,0,0,0,0,4,2,0,2,2,1,0,1,2,2,1,0,2,0,1,1,0,1,1,2,1,21,0.0,7,9,0
261,5,1.0,1.0,0,0,0,0,0,1,0,0,2,2,1,0,1,0,0,1,2,1,2,0,0,0,0,0,0,0,31,1.0,7,9,2
262,2,1.0,1.0,0,0,0,1,0,3,2,0,0,2,1,0,1,0,0,1,1,2,2,1,1,1,1,1,0,1,32,1.0,7,9,0
263,4,1.0,1.0,1,2,1,0,0,1,0,0,2,2,1,0,1,0,0,2,2,2,0,0,0,0,0,0,0,0,34,0.0,7,9,2
264,2,1.0,1.0,0,2,0,0,0,3,2,2,2,2,1,0,1,2,0,2,0,0,0,1,1,1,1,1,0,0,35,0.0,7,5,1
265,3,1.0,1.0,0,2,1,0,1,1,0,0,2,1,1,0,1,2,0,2,2,2,2,0,0,0,0,0,0,0,31,0.0,7,9,2
266,3,0.0,0.0,0,0,0,0,0,2,0,0,1,1,1,0,1,1,2,2,0,1,0,0,0,0,0,0,0,0,36,0.0,7,5,2
267,3,1.0,1.0,1,2,0,0,0,4,2,0,2,2,1,0,1,2,0,1,1,2,0,1,1,0,1,1,0,2,50,0.0,7,6,2
268,2,1.0,1.0,0,2,0,0,1,1,0,0,2,1,0,0,0,0,0,2,0,2,0,1,1,1,1,1,0,0,31,0.0,7,5,2
269,4,1.0,1.0,1,1,0,0,0,0,2,2,1,2,0,0,1,0,0,2,2,2,0,1,1,0,1,1,2,1,47,0.0,7,2,0
270,2,1.0,1.0,0,2,0,0,0,5,2,2,2,0,0,1,1,0,0,1,2,2,2,0,0,0,0,1,0,0,32,1.0,3,9,0
271,3,1.0,1.0,1,1,0,0,1,2,0,0,2,1,1,0,1,2,2,2,0,2,1,1,0,1,1,1,2,1,23,1.0,3,9,0
272,2,1.0,1.0,1,2,0,0,0,4,2,0,1,1,1,0,1,2,0,1,2,1,0,1,1,1,1,1,0,1,43,1.0,3,9,2
273,2,1.0,1.0,1,1,0,0,0,3,0,0,1,1,1,0,1,2,2,2,0,1,1,1,2,0,0,0,0,0,26,1.0,3,9,2
274,3,1.0,1.0,0,2,0,0,0,0,0,0,2,2,0,0,1,1,0,2,2,2,2,1,2,2,0,0,2,2,26,1.0,3,9,0
275,2,1.0,1.0,1,1,1,1,1,1,0,0,2,1,1,0,1,2,2,1,2,2,1,0,0,0,0,0,0,0,55,1.0,3,9,2
276,2,1.0,1.0,1,0,1,0,0,3,0,0,2,2,1,0,1,0,0,2,2,2,2,0,1,1,1,1,1,1,27,0.0,3,9,0
277,4,1.0,1.0,0,0,0,0,0,4,2,0,0,0,0,0,1,1,0,1,1,2,2,1,0,0,0,1,0,0,34,0.0,7,9,1
278,3,1.0,1.0,0,2,0,0,0,4,1,2,0,0,0,0,0,1,2,1,1,3,2,1,0,0,0,0,0,0,25,0.0,7,9,0
279,3,0.0,0.0,0,0,0,0,0,4,1,0,2,1,0,0,1,0,0,1,2,2,0,0,0,0,0,0,0,0,35,0.0,7,5,2
280,3,1.0,1.0,1,2,0,1,0,1,0,0,1,1,1,0,1,1,0,2,2,2,1,0,1,1,1,1,0,1,38,1.0,7,5,2
281,3,1.0,1.0,1,0,0,0,0,5,1,2,2,2,0,0,1,2,0,1,1,2,0,0,2,2,0,1,0,1,29,0.0,3,9,0
282,5,1.0,1.0,1,1,1,1,1,2,2,0,1,2,1,0,0,1,2,2,2,2,0,1,2,2,0,1,2,1,28,0.0,7,9,1
283,2,1.0,1.0,0,2,1,0,0,2,0,0,1,1,1,0,1,2,2,2,2,1,2,1,1,2,1,1,2,1,29,0.0,7,7,1
284,6,1.0,1.0,1,2,0,0,0,2,0,0,2,1,0,0,1,1,1,0,2,2,1,1,2,2,0,0,0,1,40,0.0,7,2,1
285,3,1.0,1.0,1,1,1,1,1,1,0,0,1,1,1,0,0,1,2,0,0,2,2,0,1,1,1,1,2,1,25,1.0,7,6,2
286,3,1.0,1.0,1,1,1,1,0,2,0,0,1,1,1,0,1,2,2,2,0,2,1,1,1,1,1,0,0,1,29,1.0,7,6,2
287,1,1.0,1.0,1,1,0,1,0,1,0,0,1,1,1,0,1,2,2,0,0,1,0,0,1,1,1,1,0,2,35,0.0,5,9,2
288,3,1.0,1.0,0,1,0,0,0,4,0,0,2,2,0,0,1,1,1,2,2,2,1,0,1,1,1,1,2,1,43,0.0,7,3,2
289,2,1.0,1.0,0,2,0,0,0,1,0,0,1,1,1,0,1,1,0,0,0,2,1,0,2,0,0,0,0,0,26,0.0,7,9,0
290,4,1.0,1.0,0,0,0,0,0,1,0,0,0,0,0,0,1,0,0,0,0,2,2,0,0,2,0,1,0,2,31,0.0,4,9,0
291,4,1.0,1.0,1,1,0,1,1,1,0,0,2,1,1,0,1,1,1,2,0,2,2,1,0,0,0,0,0,0,31,1.0,7,5,1
292,6,0.0,0.0,0,0,0,0,0,4,2,0,0,1,0,0,1,2,0,1,2,2,1,0,1,1,1,1,0,2,45,1.0,7,4,1
293,6,1.0,1.0,0,0,0,0,0,2,2,0,0,0,0,0,0,2,2,1,2,2,2,0,0,2,0,0,0,0,23,0.0,7,9,0
294,2,1.0,1.0,0,0,0,0,0,3,2,0,2,2,0,0,1,2,2,2,0,2,0,0,0,0,0,0,0,0,39,0.0,7,2,0
295,3,1.0,1.0,1,2,0,0,0,2,0,0,1,1,1,0,1,2,2,0,0,2,0,1,0,0,0,0,0,0,27,1.0,7,5,2
296,4,1.0,1.0,1,2,0,0,0,1,2,0,1,1,0,0,1,2,0,2,0,2,1,1,1,1,1,1,0,1,28,0.0,7,5,2
297,5,1.0,1.0,0,0,0,0,0,0,2,0,2,2,0,0,1,0,0,2,1,3,0,0,0,2,0,0,0,1,36,0.0,7,2,1
298,4,1.0,1.0,0,0,0,0,0,4,2,0,2,0,0,0,0,2,0,1,2,3,0,0,0,0,0,0,0,0,22,0.0,4,9,0
299,1,1.0,1.0,1,2,0,0,0,3,0,0,2,1,0,0,1,2,0,1,2,2,1,0,2,0,0,1,2,2,51,0.0,7,1,0
300,6,0.0,0.0,0,2,0,0,0,4,0,0,1,1,0,0,1,0,0,2,0,2,0,1,1,1,1,1,0,1,28,0.0,7,5,2
301,4,1.0,1.0,0,0,0,1,1,0,1,2,0,0,0,0,1,2,0,1,1,2,2,0,0,0,0,0,0,0,40,0.0,7,5,1
302,3,1.0,1.0,1,1,1,1,1,1,0,0,1,1,1,0,1,2,0,2,2,1,2,0,1,1,1,1,2,1,35,1.0,7,6,2
303,4,1.0,1.0,1,1,0,0,0,4,1,0,0,0,0,0,1,2,0,1,1,2,2,1,1,1,1,1,0,1,38,0.0,7,1,0
304,4,1.0,1.0,1,2,0,0,0,0,1,2,0,2,0,0,1,0,0,1,1,3,1,1,1,2,0,1,2,1,29,0.0,7,1,1
305,5,1.0,1.0,1,0,0,0,0,2,2,2,1,1,0,0,1,0,0,1,2,1,1,1,1,1,1,1,0,1,31,1.0,7,7,1
306,4,1.0,1.0,0,0,0,0,0,4,1,0,2,2,0,0,1,0,0,1,1,0,2,0,0,0,0,0,0,0,45,0.0,7,2,2
307,4,1.0,1.0,0,2,0,0,0,2,0,0,2,2,0,0,1,0,0,0,0,2,0,1,2,2,0,0,0,2,26,0.0,7,4,2
308,4,1.0,1.0,1,1,1,1,1,1,0,0,1,1,1,0,1,1,1,2,0,1,0,0,0,0,0,0,0,0,42,0.0,7,3,1
309,4,1.0,1.0,1,2,1,1,1,2,0,0,2,1,1,0,1,0,0,2,0,2,2,0,1,0,0,0,0,0,28,1.0,7,2,1
310,2,1.0,1.0,0,2,0,0,0,0,2,0,1,2,0,0,1,2,2,2,2,2,0,1,0,0,0,0,0,0,28,0.0,7,9,2
311,4,1.0,1.0,1,0,1,1,0,0,2,1,1,2,1,0,1,1,1,2,2,1,1,1,1,1,1,1,2,1,39,1.0,7,1,2
312,2,1.0,1.0,1,2,0,0,1,2,2,2,2,2,1,0,1,0,0,0,2,1,0,0,1,0,1,1,0,0,34,0.0,7,2,2
313,3,1.0,1.0,0,0,0,1,0,2,0,0,1,1,1,0,1,2,2,2,0,2,1,1,1,1,1,1,2,1,28,1.0,7,2,1
314,5,1.0,1.0,1,1,0,0,1,2,2,2,2,1,1,0,1,0,0,1,1,0,1,0,2,0,0,0,0,0,35,1.0,7,1,2
315,2,1.0,1.0,0,2,0,0,1,3,0,0,2,1,1,0,1,1,1,2,0,2,0,0,0,0,0,0,0,0,42,0.0,3,9,2
316,2,1.0,1.0,1,0,0,0,1,2,0,0,1,1,1,0,1,1,2,2,0,2,1,1,1,1,1,1,0,1,32,0.0,7,6,2
317,3,1.0,1.0,1,2,0,0,0,0,2,0,2,2,0,0,1,2,0,2,2,0,0,1,0,0,0,0,0,0,28,0.0,3,9,1
318,5,1.0,1.0,0,0,1,0,0,1,2,0,0,0,1,0,0,0,0,2,0,2,0,0,2,0,0,0,0,0,22,1.0,7,9,2
319,3,1.0,1.0,1,1,0,1,1,3,1,2,2,2,0,0,1,2,0,1,1,2,1,1,1,1,1,1,0,1,28,1.0,7,1,2
320,6,0.0,0.0,1,2,1,1,1,0,2,2,2,2,0,0,1,2,0,0,2,2,1,1,2,2,0,1,0,2,21,1.0,6,9,0
321,3,1.0,1.0,0,0,0,0,0,2,1,2,1,2,0,1,1,1,1,1,2,1,1,1,1,1,1,1,0,1,38,0.0,5,9,0
322,6,0.0,0.0,1,1,1,1,0,2,0,0,2,1,1,0,1,2,0,1,2,1,2,1,1,1,1,1,2,1,33,0.0,7,1,2
323,4,1.0,1.0,1,2,1,1,1,1,0,0,2,1,0,0,1,0,0,1,1,2,2,1,1,1,0,1,0,2,28,1.0,7,1,2
324,3,1.0,1.0,1,1,1,1,1,1,0,0,2,2,1,0,1,0,0,2,2,2,1,0,1,1,1,1,2,1,32,0.0,7,1,2
325,1,1.0,1.0,0,2,0,0,0,4,1,2,0,0,0,0,1,0,0,2,2,2,2,0,1,1,1,1,2,1,24,1.0,6,9,2
326,5,1.0,1.0,0,2,0,0,0,2,2,0,2,0,0,0,1,2,0,2,1,2,2,1,1,2,1,1,2,1,35,0.0,7,1,1
327,6,1.0,1.0,0,2,0,0,0,4,1,1,2,0,0,0,1,0,0,1,1,2,2,1,1,1,1,1,0,1,24,1.0,7,2,2
328,4,1.0,1.0,1,1,0,0,0,1,0,0,1,1,0,0,1,1,0,0,2,2,0,1,1,1,1,1,0,1,30,0.0,7,5,2
329,4,1.0,1.0,1,1,0,1,1,0,1,1,0,0,0,0,1,0,0,1,1,2,1,0,0,0,0,0,0,1,47,1.0,7,1,2
330,6,1.0,1.0,1,2,0,1,1,2,2,0,0,0,0,0,0,1,0,1,1,2,0,0,0,0,0,0,0,0,26,1.0,7,7,0
331,4,1.0,1.0,1,1,0,0,0,2,0,0,0,1,1,0,1,0,0,1,2,2,0,0,1,1,1,1,2,1,32,0.0,7,8,1
332,4,1.0,1.0,0,0,0,1,0,3,2,0,0,2,0,1,1,0,0,1,1,3,1,1,0,2,0,0,2,2,32,0.0,7,1,2
333,5,1.0,1.0,0,0,0,1,0,2,0,0,1,1,1,0,1,0,1,0,0,1,0,0,1,1,1,1,0,1,37,0.0,7,2,1
334,2,1.0,1.0,0,2,0,0,0,2,0,0,0,2,1,0,1,0,0,2,2,2,1,0,2,2,0,0,0,0,28,1.0,7,9,2
335,3,1.0,1.0,0,0,1,0,1,2,2,2,2,0,1,0,0,1,0,2,1,2,0,0,0,0,0,1,0,0,22,0.0,5,9,0
336,5,1.0,1.0,0,2,1,1,0,2,0,2,2,2,1,0,1,2,0,2,0,2,0,1,1,1,0,1,0,0,30,0.0,7,1,2
337,4,1.0,1.0,1,2,0,0,1,2,2,0,2,2,0,0,1,1,2,1,0,2,2,0,0,0,0,0,0,0,34,0.0,7,1,0
338,2,1.0,1.0,1,1,0,0,1,1,2,0,0,1,1,0,1,0,0,1,0,2,1,0,2,2,1,1,0,1,32,0.0,7,1,2
339,4,1.0,1.0,0,0,0,0,0,2,2,2,1,1,0,0,1,2,2,1,2,2,1,1,1,1,1,1,2,2,37,0.0,7,9,1
340,3,1.0,1.0,0,0,1,0,0,1,1,2,2,2,1,0,1,2,0,1,1,2,0,1,1,1,1,1,0,1,31,0.0,7,1,1
341,3,0.0,0.0,0,2,0,0,0,1,2,0,2,2,0,0,1,2,0,1,2,1,0,0,0,0,0,0,0,0,26,0.0,7,9,1
342,4,1.0,1.0,1,1,0,0,0,0,2,0,2,1,0,0,1,0,0,1,2,3,2,1,1,1,1,1,0,1,36,0.0,7,6,2
343,4,1.0,1.0,1,0,0,0,0,0,2,0,0,0,0,0,1,0,0,1,2,0,1,1,1,0,1,1,0,0,38,0.0,7,1,1
344,3,1.0,1.0,1,1,0,0,0,2,0,0,1,2,0,0,0,0,0,2,0,2,0,0,0,1,1,1,0,1,24,0.0,7,4,2
345,4,1.0,1.0,0,0,0,0,0,4,2,2,0,2,0,0,1,2,0,2,2,3,0,0,1,1,0,0,0,0,26,0.0,7,1,2
346,6,1.0,1.0,1,2,1,0,0,0,2,0,2,1,0,0,1,2,0,1,1,2,1,1,1,2,1,1,0,2,37,0.0,7,1,0
347,3,1.0,1.0,0,2,0,0,0,3,0,0,2,2,0,1,1,2,0,2,2,3,2,1,1,1,1,1,0,2,27,1.0,7,9,0
348,3,1.0,1.0,1,2,1,0,1,1,0,0,1,1,1,0,1,1,2,0,2,1,0,0,1,0,0,1,0,2,32,0.0,5,9,0
349,2,0.0,0.0,1,2,0,1,0,3,0,0,1,1,1,0,0,2,2,0,0,2,0,0,1,1,1,1,0,2,30,0.0,5,9,0
350,3,1.0,1.0,0,0,1,0,0,5,0,0,1,1,1,0,1,1,0,1,0,2,0,0,1,1,1,1,2,2,26,1.0,4,9,1
351,3,1.0,1.0,0,0,0,0,0,0,0,0,2,1,0,0,1,1,2,2,2,1,0,1,1,2,0,1,0,2,29,0.0,7,9,1
352,3,1.0,1.0,1,1,1,1,0,0,2,2,1,2,0,0,1,2,2,1,1,2,1,1,1,1,1,1,2,1,26,0.0,4,9,0
353,4,1.0,1.0,1,2,0,0,0,4,0,0,2,2,0,0,1,0,0,1,2,2,0,0,0,0,0,0,0,0,23,1.0,7,1,0
354,4,1.0,1.0,1,1,1,1,1,2,0,0,1,1,1,0,1,1,1,0,0,0,0,1,1,0,1,1,0,2,30,0.0,7,1,2
355,6,0.0,0.0,1,0,0,1,0,4,2,2,0,0,0,0,1,0,0,2,2,2,1,1,1,1,1,0,0,2,40,0.0,7,5,2
356,4,1.0,1.0,0,2,0,0,0,5,2,2,0,0,0,0,1,0,0,1,2,0,1,0,2,2,1,1,2,2,46,0.0,7,1,2
357,3,1.0,1.0,0,2,0,0,0,0,0,0,1,1,0,0,1,2,2,2,0,2,0,0,0,0,0,0,0,0,26,0.0,7,5,2
358,6,1.0,1.0,1,1,1,1,1,0,2,0,0,0,0,0,1,1,0,1,2,3,2,0,0,0,0,0,0,0,30,0.0,7,1,2
359,4,1.0,1.0,0,0,0,0,0,0,1,2,0,0,0,0,1,0,0,1,1,1,0,0,0,0,0,0,0,0,27,1.0,7,1,1
360,3,1.0,1.0,1,1,0,1,0,3,2,0,2,0,0,0,1,2,0,1,2,2,1,1,1,1,1,1,0,1,26,1.0,7,1,2
361,4,1.0,1.0,0,0,0,0,0,2,0,0,1,1,0,0,1,2,2,2,2,2,2,1,0,0,0,0,0,0,35,0.0,6,9,1
362,3,0.0,0.0,0,2,0,0,0,2,0,0,2,2,1,1,1,1,2,2,1,2,2,1,1,1,0,1,0,2,29,0.0,5,9,0
363,4,1.0,1.0,0,2,1,1,1,1,0,0,1,1,1,0,1,2,0,0,0,2,0,0,0,0,0,1,0,0,34,0.0,7,9,2
364,4,1.0,1.0,0,2,0,0,1,0,2,0,2,0,0,0,1,2,2,2,2,2,2,0,2,2,0,0,0,2,39,0.0,7,9,2
365,4,1.0,1.0,0,2,0,0,0,2,0,0,1,1,1,0,1,2,2,2,0,1,1,0,0,0,0,0,0,0,27,0.0,7,9,2
366,5,1.0,1.0,0,0,0,0,0,2,0,0,2,1,0,0,1,1,0,2,0,2,0,0,1,0,1,1,2,1,31,0.0,7,9,2
367,3,0.0,0.0,0,0,0,0,0,4,2,0,0,1,0,1,1,2,0,1,1,0,1,0,0,0,0,0,0,0,26,0.0,7,9,0
368,3,1.0,1.0,1,0,0,0,1,3,2,2,1,2,0,0,1,2,2,1,1,0,1,1,2,2,0,1,2,2,44,0.0,7,3,1
369,4,1.0,1.0,1,0,0,0,0,3,2,0,2,2,0,0,1,0,0,1,1,0,2,0,0,0,0,0,0,0,27,0.0,7,1,2
370,4,0.0,0.0,1,2,0,0,0,2,0,0,2,1,0,0,1,0,0,2,2,1,0,1,1,1,1,1,0,2,57,1.0,7,5,2
371,6,0.0,0.0,0,2,0,0,0,3,1,0,0,2,0,0,1,0,0,2,1,1,1,0,2,2,0,1,1,2,35,0.0,7,6,0
372,4,1.0,1.0,1,0,0,0,0,4,2,2,2,0,1,0,1,0,0,1,1,2,2,0,1,1,1,1,1,1,26,0.0,7,2,1
373,2,1.0,1.0,0,2,1,1,1,1,0,0,2,1,1,0,1,1,2,2,0,2,0,0,0,2,0,0,0,0,22,1.0,7,2,0
374,4,1.0,1.0,0,2,0,0,0,2,2,2,2,2,0,0,1,0,0,1,2,3,0,0,0,0,0,0,0,0,31,0.0,7,1,2
375,3,1.0,1.0,0,0,0,0,0,4,2,2,0,0,0,0,0,2,0,2,0,0,2,0,0,0,0,1,0,0,31,0.0,7,9,0
376,6,0.0,0.0,1,1,0,1,1,3,2,0,2,1,0,0,1,2,0,2,0,2,2,0,0,1,1,1,2,2,26,0.0,7,2,2
377,1,1.0,1.0,0,2,0,0,0,5,1,0,0,0,0,0,1,0,0,1,1,2,1,1,1,1,0,1,2,2,36,0.0,7,8,2
378,3,1.0,1.0,1,1,0,0,1,2,0,0,1,1,1,0,1,1,0,2,0,2,0,1,1,1,1,1,2,1,33,0.0,7,5,2
379,5,1.0,1.0,1,2,1,0,0,1,0,0,1,1,0,0,0,2,0,0,0,2,0,1,1,1,1,1,2,1,24,1.0,7,2,2
380,2,1.0,1.0,0,0,0,0,0,1,2,2,0,2,0,0,1,0,0,1,1,2,0,1,2,2,0,0,1,0,22,0.0,7,9,2
381,2,1.0,1.0,1,1,0,1,0,4,0,0,2,1,1,0,1,0,0,0,0,2,2,1,1,2,1,1,0,0,33,0.0,7,5,1
382,6,1.0,1.0,1,0,0,0,0,2,2,2,2,2,0,0,0,1,0,1,1,2,2,0,1,1,1,1,0,2,37,1.0,7,1,2
383,2,1.0,1.0,1,2,0,0,0,1,0,0,1,1,1,0,1,2,2,2,0,2,1,0,1,2,0,0,0,2,29,0.0,7,2,1
384,1,0.0,0.0,0,2,1,0,1,3,0,0,1,1,1,0,1,2,0,2,2,0,0,0,2,0,0,1,0,0,38,0.0,7,3,2
385,1,1.0,1.0,0,2,0,0,0,3,2,2,0,0,0,0,1,0,0,1,1,2,2,1,2,2,0,0,2,0,33,0.0,7,6,2
386,1,1.0,1.0,0,2,0,0,0,3,1,1,0,0,0,0,1,0,0,1,1,3,1,1,1,2,1,1,0,1,44,1.0,3,9,1
387,2,0.0,0.0,1,2,0,0,0,2,0,0,2,1,0,0,1,2,0,2,0,1,0,1,1,1,1,1,0,2,23,0.0,7,6,2
388,6,0.0,0.0,0,0,0,0,0,5,1,0,0,0,0,0,1,2,0,1,1,1,1,0,1,1,1,1,0,2,30,0.0,7,3,0
389,3,1.0,1.0,1,0,0,0,0,3,0,0,1,1,0,0,1,2,0,1,1,2,0,0,2,0,0,0,0,0,28,0.0,7,5,2
390,3,1.0,1.0,1,1,0,0,0,2,0,0,2,2,0,0,1,2,0,2,0,2,2,0,2,2,0,0,0,1,39,0.0,7,3,0
391,2,1.0,1.0,0,0,0,0,0,4,1,0,0,0,0,0,1,1,0,2,2,2,2,1,1,1,1,1,0,2,24,1.0,7,1,0
392,6,0.0,0.0,1,1,1,1,0,2,0,0,2,1,1,0,1,1,0,2,1,2,2,1,1,1,1,1,2,1,35,0.0,7,3,2
393,2,1.0,1.0,0,0,0,0,0,3,0,0,1,1,0,0,1,2,2,2,2,3,0,1,2,2,0,0,0,0,23,0.0,7,5,0
394,6,0.0,0.0,1,2,0,1,1,1,0,0,2,1,0,0,1,2,2,2,2,2,0,1,0,0,0,0,0,0,37,0.0,7,3,2
395,2,1.0,1.0,1,2,0,0,0,2,0,0,2,1,0,0,1,2,2,2,2,3,2,0,0,0,0,0,0,0,35,0.0,7,3,2
396,3,0.0,0.0,1,1,0,0,1,3,0,0,2,2,1,0,1,1,2,2,0,3,2,0,2,2,0,0,2,2,27,0.0,7,3,2
397,1,1.0,1.0,0,2,0,0,0,1,0,0,2,2,1,0,1,2,2,2,2,2,0,1,2,2,0,0,0,2,27,1.0,7,1,1
398,6,1.0,1.0,1,2,0,1,0,4,2,0,0,0,0,0,1,0,0,2,1,3,0,0,2,0,0,0,0,0,27,1.0,7,5,0
399,2,1.0,1.0,0,2,0,0,0,2,2,2,0,0,0,0,1,0,0,1,1,2,0,1,1,1,1,1,2,2,42,0.0,7,5,2
400,2,0.0,0.0,1,2,0,0,1,4,2,2,0,2,0,0,1,0,0,2,2,0,2,1,0,0,0,0,0,0,32,0.0,7,5,0
401,2,1.0,1.0,0,2,0,0,0,0,0,0,2,2,0,0,1,2,2,2,2,2,0,1,1,2,1,1,2,1,26,0.0,7,9,2
402,4,1.0,1.0,0,0,0,0,0,3,1,0,0,0,0,0,1,2,0,1,2,0,0,0,2,0,0,0,0,0,28,0.0,7,9,0
403,2,1.0,1.0,0,0,0,0,0,0,1,0,0,0,0,0,1,1,0,1,1,2,0,0,0,0,0,0,0,0,28,0.0,7,5,2
404,4,1.0,1.0,1,0,0,1,1,0,2,0,0,0,0,0,1,2,0,1,2,2,0,1,1,0,1,1,0,2,32,0.0,7,5,2
405,3,1.0,1.0,1,2,1,1,0,3,2,0,2,2,0,0,1,1,2,2,2,2,2,0,1,1,1,1,0,2,34,0.0,7,5,0
406,2,1.0,1.0,0,2,0,0,0,3,2,2,0,2,0,0,1,2,2,2,2,2,0,0,2,2,0,1,0,2,61,1.0,7,5,2
407,2,0.0,0.0,0,2,0,0,0,0,1,2,2,2,0,1,0,1,1,1,2,2,1,1,1,1,1,1,2,1,51,0.0,4,9,2
408,5,1.0,1.0,0,2,0,0,0,1,0,0,1,1,1,0,1,1,2,2,2,1,0,1,1,1,1,1,2,1,34,0.0,7,2,1
409,2,1.0,1.0,0,2,0,0,0,4,2,2,1,2,0,0,0,2,2,1,0,2,0,0,1,2,1,1,2,2,43,0.0,7,3,1
410,4,1.0,1.0,1,0,0,1,0,4,1,0,0,2,0,0,1,2,0,1,2,0,1,0,0,2,0,0,0,0,43,1.0,7,1,2
411,2,1.0,1.0,0,2,1,0,0,4,2,0,0,2,0,0,1,0,0,1,2,1,1,1,1,1,1,1,1,1,44,0.0,7,1,1
412,4,1.0,1.0,0,0,0,0,0,1,2,0,2,2,0,0,1,0,0,1,2,3,2,0,2,2,1,1,0,2,35,0.0,7,1,2
413,3,1.0,1.0,1,1,0,0,0,1,0,0,2,1,1,0,1,1,2,2,0,2,0,0,0,0,0,0,0,0,50,0.0,7,4,1
414,4,1.0,1.0,1,1,0,0,1,5,2,0,2,1,0,0,1,1,2,2,2,3,0,0,1,2,1,1,0,1,29,0.0,7,6,2
415,4,1.0,1.0,1,1,1,0,0,1,0,0,1,1,1,0,1,2,2,0,0,1,0,1,0,1,1,1,0,1,29,0.0,7,2,0
416,5,0.0,0.0,1,0,0,0,0,1,2,2,1,1,1,0,1,2,2,1,2,1,0,0,0,0,0,0,0,0,36,0.0,3,9,2
417,6,1.0,1.0,0,2,0,0,0,0,2,2,0,0,0,0,1,0,0,2,2,2,2,0,1,2,1,1,2,2,46,0.0,7,3,1
418,6,1.0,1.0,1,2,0,0,0,5,1,2,2,0,0,1,1,2,0,1,1,0,1,1,2,2,0,1,0,1,23,0.0,7,7,2
419,2,1.0,1.0,0,2,0,0,0,3,2,0,2,1,0,0,1,2,0,2,2,3,2,0,1,2,1,1,2,1,41,0.0,7,7,2
420,6,1.0,1.0,1,0,1,0,0,2,0,2,2,1,0,0,1,0,0,1,2,3,2,0,0,2,0,0,0,0,31,0.0,3,9,2
421,1,1.0,1.0,0,1,0,0,0,5,1,0,0,0,0,1,1,2,0,1,1,1,1,1,1,1,1,1,1,1,55,0.0,7,5,2
422,3,1.0,1.0,0,2,0,0,0,5,1,2,2,0,0,0,1,0,0,1,1,3,2,0,1,0,0,0,0,1,34,0.0,7,6,2
423,2,1.0,1.0,1,1,0,0,0,4,0,0,1,1,1,0,1,1,2,1,1,2,1,1,1,1,0,1,1,1,28,1.0,7,6,1
424,2,1.0,1.0,1,0,0,0,0,5,0,0,2,2,0,0,1,2,0,2,2,2,1,1,1,1,1,1,0,1,33,0.0,7,8,2
425,4,1.0,1.0,1,0,0,1,0,3,1,1,2,0,0,1,1,0,0,1,2,1,1,1,1,0,1,1,2,2,29,0.0,7,1,2
426,6,0.0,0.0,1,2,1,1,1,4,0,0,2,1,1,0,1,2,0,2,2,2,2,1,0,1,1,1,0,2,33,1.0,7,3,2
427,6,1.0,1.0,1,1,1,1,0,0,2,0,0,2,0,0,1,1,0,2,2,2,1,1,1,1,1,1,2,1,28,0.0,7,1,2
428,3,1.0,1.0,1,0,1,1,0,0,0,0,1,1,1,0,1,0,0,1,2,2,0,1,1,0,0,1,0,0,32,0.0,7,1,2
429,2,1.0,1.0,1,1,0,0,0,3,0,0,0,2,0,0,1,1,0,2,2,2,1,1,2,2,0,1,0,1,36,1.0,7,7,0
430,6,0.0,0.0,0,2,1,0,1,2,1,0,0,0,0,0,1,1,0,1,1,0,0,0,0,2,0,0,1,0,45,0.0,7,9,2
431,6,0.0,0.0,0,0,1,1,0,2,2,0,0,0,0,0,0,1,1,2,0,0,0,0,0,0,0,0,0,0,23,0.0,7,9,0
432,3,1.0,1.0,0,2,0,0,0,0,1,1,0,0,0,0,1,0,0,1,1,2,0,1,1,1,1,1,2,1,29,1.0,7,5,2
433,3,1.0,1.0,0,2,0,0,0,3,2,0,0,2,0,0,1,1,0,1,1,2,1,0,1,0,1,1,2,1,31,0.0,6,9,2
434,2,1.0,1.0,0,0,0,0,0,4,1,2,0,0,0,1,1,2,0,1,2,2,1,1,1,2,1,1,2,2,29,0.0,4,9,0
435,3,1.0,1.0,0,2,0,0,1,2,0,0,2,2,0,0,1,1,2,2,0,2,0,0,1,1,0,1,0,2,30,0.0,7,9,2
436,6,1.0,1.0,1,2,1,1,1,2,0,0,1,1,1,0,1,0,0,1,2,1,0,0,1,0,1,1,2,1,55,0.0,7,9,1
437,2,0.0,0.0,0,0,0,0,0,3,2,2,2,1,0,0,1,0,0,2,2,2,0,1,1,1,1,1,0,2,38,1.0,7,2,0
438,2,1.0,1.0,0,2,0,0,1,2,1,0,0,0,0,0,0,1,0,1,1,2,2,0,0,0,0,0,0,0,20,0.0,3,9,2
439,4,1.0,1.0,0,1,0,0,0,3,0,0,0,2,0,0,1,1,1,0,0,1,0,1,1,0,1,1,0,1,25,0.0,7,1,2
440,3,0.0,0.0,0,0,0,0,0,5,2,0,0,0,0,0,0,2,0,2,0,3,0,0,0,1,1,1,0,0,27,0.0,7,5,0
441,2,0.0,0.0,0,2,0,0,0,2,2,2,0,1,0,0,1,2,2,2,2,2,2,1,1,1,1,1,0,1,24,0.0,7,3,2
442,3,0.0,0.0,0,2,0,0,0,3,0,0,0,0,1,0,1,2,0,0,0,0,2,0,2,2,0,0,0,0,29,0.0,7,9,0
443,3,1.0,1.0,0,2,0,0,0,2,1,0,2,1,1,0,1,0,0,1,1,2,0,1,1,1,1,1,2,1,40,1.0,7,4,0
444,1,1.0,1.0,0,0,0,0,0,4,2,0,0,0,0,0,1,0,0,2,1,0,2,1,2,2,1,1,2,1,30,0.0,7,8,1
445,3,1.0,1.0,1,0,0,0,0,2,2,0,1,1,0,0,1,0,0,1,2,2,0,0,0,0,0,0,0,0,32,0.0,3,9,2
446,2,1.0,1.0,1,2,0,0,1,1,0,0,2,2,1,0,1,1,1,2,0,3,2,0,1,1,1,1,0,1,35,1.0,3,9,2
447,2,1.0,1.0,0,0,0,0,0,0,2,0,2,0,0,0,1,2,0,2,2,3,2,1,2,0,0,1,0,0,36,0.0,7,9,0
448,3,1.0,1.0,0,0,0,0,0,3,0,0,2,2,1,0,1,1,2,2,0,2,2,0,0,0,0,0,0,0,26,0.0,7,9,2
449,5,0.0,0.0,0,2,1,0,0,2,2,0,1,0,0,0,1,0,2,1,1,2,1,1,2,0,1,1,2,2,31,1.0,5,9,0
450,3,0.0,0.0,0,2,1,1,1,1,0,0,0,1,1,0,1,1,2,2,2,2,0,1,0,0,0,0,0,0,33,0.0,7,9,0
451,3,1.0,1.0,0,2,0,0,0,2,2,2,0,0,0,0,1,2,2,2,0,2,1,0,1,1,1,1,0,2,46,0.0,7,9,1
452,4,1.0,1.0,0,0,0,1,0,3,2,0,1,1,0,0,1,1,2,2,2,2,0,1,1,0,1,1,0,2,32,0.0,7,5,2
453,4,1.0,1.0,1,2,0,1,0,1,2,0,2,2,0,0,1,0,0,1,2,3,2,0,0,0,0,0,0,0,34,0.0,7,7,2
454,4,1.0,1.0,0,2,0,0,0,2,0,0,2,2,0,0,1,2,2,2,2,2,1,1,1,1,1,1,2,2,41,0.0,7,3,1
455,4,1.0,1.0,0,2,0,0,0,1,0,0,1,1,1,0,1,1,2,2,2,2,1,0,0,0,0,0,0,0,32,0.0,7,6,1
456,6,0.0,0.0,1,0,0,1,0,4,2,2,0,0,0,0,1,0,0,1,1,2,2,1,1,0,1,1,2,2,47,0.0,7,2,2
457,4,1.0,1.0,0,0,0,0,0,1,0,0,0,0,1,0,1,0,0,2,2,0,0,1,0,0,0,0,0,0,29,0.0,7,7,1
458,4,0.0,0.0,1,2,1,0,0,0,2,0,1,2,0,0,1,2,2,2,1,2,0,0,0,0,1,1,0,0,36,0.0,7,1,2
459,4,1.0,1.0,0,1,0,0,0,4,1,0,2,0,0,0,1,2,0,1,1,2,0,1,1,1,1,1,2,1,32,0.0,7,1,2
460,4,1.0,1.0,0,0,0,0,0,3,0,0,2,1,0,0,1,2,0,2,2,2,0,1,2,2,0,1,0,0,29,0.0,7,1,2
461,1,1.0,1.0,0,2,0,0,0,1,0,0,1,1,1,0,1,2,0,1,0,2,0,0,0,0,0,0,0,0,22,0.0,7,9,0
462,6,1.0,1.0,1,1,0,0,1,1,1,0,0,0,0,1,1,0,0,1,1,1,1,1,1,1,1,1,1,1,32,1.0,7,8,2
463,6,0.0,0.0,1,2,0,0,0,3,0,2,0,0,0,0,1,0,2,1,2,2,0,0,0,0,0,0,0,0,19,1.0,7,8,0
464,2,1.0,1.0,0,2,0,0,1,1,0,0,1,1,1,0,1,1,1,2,0,0,0,0,0,0,0,0,0,0,30,0.0,7,9,2
465,2,1.0,1.0,0,2,0,0,1,2,0,0,2,1,1,0,1,1,1,0,0,1,0,1,1,2,1,1,0,0,32,0.0,7,7,1
466,6,1.0,1.0,0,2,0,0,0,2,0,0,2,1,1,0,1,2,2,0,2,2,0,0,0,0,0,0,0,0,22,0.0,7,1,2
467,4,1.0,1.0,1,0,0,0,0,0,0,0,2,2,0,0,1,1,2,2,0,3,2,1,0,0,0,0,0,0,32,0.0,7,7,2
468,2,1.0,1.0,0,0,0,0,0,0,0,0,2,2,0,0,0,1,0,1,0,2,0,0,0,0,0,0,0,0,33,0.0,7,9,2
469,2,1.0,1.0,0,2,0,0,0,5,1,2,0,2,0,0,1,2,0,1,1,2,2,0,1,0,1,1,0,2,48,1.0,7,9,0
470,6,1.0,1.0,0,0,0,0,0,4,2,2,0,0,0,0,1,2,2,2,2,2,0,0,2,0,0,1,0,0,45,0.0,4,9,0
471,3,1.0,1.0,0,2,1,1,1,1,0,0,2,1,1,0,1,2,2,0,0,2,2,1,1,0,1,1,0,1,28,0.0,7,9,2
472,4,1.0,1.0,0,0,0,0,0,4,0,0,2,1,0,0,1,2,0,2,0,2,2,1,2,0,0,1,0,1,44,0.0,7,7,2
473,2,1.0,1.0,0,2,0,0,0,4,2,0,0,0,0,0,1,0,0,1,0,2,0,0,0,0,0,0,0,0,31,0.0,7,7,2
474,3,1.0,1.0,1,2,0,0,0,2,0,0,1,1,1,0,0,2,0,0,0,2,0,0,1,1,1,1,0,1,31,1.0,7,2,2
475,6,1.0,1.0,1,0,1,0,1,1,0,0,1,1,1,0,1,2,2,0,0,1,0,0,0,0,0,0,0,0,29,0.0,7,2,0
476,6,0.0,0.0,1,1,0,0,0,0,2,2,0,2,0,0,0,1,2,0,0,2,2,0,0,0,0,0,0,0,26,0.0,7,4,0
477,4,0.0,0.0,1,1,1,0,0,3,0,0,1,1,1,0,1,0,0,2,0,1,0,1,1,1,1,1,0,1,35,1.0,7,5,2
478,2,1.0,1.0,1,0,0,0,0,0,1,0,0,0,0,0,1,2,0,2,1,2,1,1,1,1,1,1,0,1,45,0.0,7,3,1
479,2,0.0,0.0,1,2,0,0,0,2,0,0,0,1,1,0,0,2,2,2,1,2,0,1,1,1,1,1,2,1,22,1.0,7,3,2
480,4,1.0,1.0,1,1,0,0,0,0,0,0,2,1,0,0,1,2,2,1,2,2,1,0,2,2,0,0,0,1,34,0.0,7,6,2
481,3,1.0,1.0,0,2,0,0,0,2,2,0,2,1,1,0,1,2,2,2,1,2,1,0,2,2,0,0,0,0,35,0.0,7,9,0
482,2,1.0,1.0,0,1,0,0,0,4,1,0,0,0,0,0,1,0,0,1,1,1,0,1,1,2,1,1,0,0,26,0.0,7,9,0
483,6,1.0,1.0,0,2,0,0,0,4,1,0,2,2,0,1,1,2,0,2,2,1,1,1,1,1,1,1,0,1,24,0.0,6,9,2
484,2,1.0,1.0,0,0,0,0,1,2,0,0,2,2,1,0,1,1,2,2,0,3,1,1,1,1,1,1,2,1,24,0.0,7,4,0
485,3,1.0,1.0,1,1,0,0,0,3,0,0,2,2,0,0,1,1,0,2,2,2,0,0,1,1,1,1,2,2,34,0.0,7,8,2
486,3,1.0,1.0,0,2,0,0,0,1,0,0,2,1,1,0,1,2,2,2,2,1,2,0,0,0,0,0,0,0,36,0.0,6,9,2
487,5,0.0,0.0,1,1,0,0,0,4,1,2,0,0,0,1,1,2,0,1,1,2,1,1,1,2,1,1,0,2,41,0.0,6,9,2
488,6,1.0,1.0,0,2,0,0,0,2,2,0,2,0,0,0,1,2,0,2,0,2,1,0,1,1,1,1,2,1,21,0.0,7,8,0
489,4,1.0,1.0,0,2,0,0,0,2,2,0,2,2,0,0,1,2,2,2,2,2,1,0,1,1,1,1,0,1,33,0.0,7,9,2
490,6,1.0,1.0,0,2,0,0,0,2,0,0,1,1,0,0,1,1,1,2,0,2,2,1,0,0,0,1,0,1,32,0.0,7,9,1
491,6,0.0,0.0,1,1,0,1,1,3,0,0,1,2,0,0,0,0,0,0,0,1,0,0,1,1,1,1,0,2,62,1.0,7,3,0
492,3,0.0,0.0,1,1,0,0,0,4,2,0,2,2,0,0,0,2,2,2,2,2,2,1,1,1,1,1,0,1,37,0.0,7,2,2
493,3,1.0,1.0,0,2,0,0,0,2,0,0,1,1,0,0,1,1,1,2,0,2,0,0,0,2,0,0,0,0,32,0.0,7,5,1
494,6,1.0,1.0,1,1,0,0,0,5,2,2,2,2,0,0,1,0,0,2,2,3,0,0,0,0,0,1,0,2,31,0.0,7,5,2
495,2,1.0,1.0,0,2,0,0,0,3,2,2,0,0,0,0,0,2,0,1,1,2,0,1,1,2,1,1,0,0,28,0.0,7,1,2
496,3,1.0,1.0,1,1,0,0,1,1,0,0,2,2,1,0,1,2,2,0,2,2,0,0,1,1,1,1,2,2,29,0.0,7,9,0
497,3,0.0,0.0,1,1,1,1,0,0,2,2,1,2,0,0,1,0,0,1,2,3,0,0,0,0,0,1,0,0,33,0.0,4,9,0
498,3,0.0,0.0,0,2,1,0,0,2,0,0,2,1,1,0,1,2,2,2,0,0,0,1,0,0,0,0,0,0,27,0.0,7,9,2
499,3,0.0,0.0,0,2,0,0,0,1,0,0,2,2,0,0,0,1,1,2,0,3,0,0,0,0,0,0,0,0,24,0.0,6,9,2
500,1,1.0,1.0,1,1,1,0,0,1,0,0,1,1,1,0,1,1,1,0,0,1,0,1,2,2,0,1,0,0,42,0.0,7,3,1
501,3,1.0,1.0,0,2,0,0,0,0,0,0,2,2,0,0,1,0,0,1,0,0,0,0,0,0,0,0,0,0,28,0.0,7,9,2
502,5,1.0,1.0,0,0,0,0,0,4,2,2,2,2,0,0,1,2,2,2,2,1,1,1,1,1,1,1,2,2,40,0.0,3,9,1
503,6,1.0,1.0,1,2,0,1,0,1,2,2,0,0,0,0,1,0,0,1,0,0,2,1,1,2,1,1,0,0,32,1.0,7,7,1
504,2,1.0,1.0,1,1,0,0,1,1,2,0,0,0,0,0,1,0,0,1,2,2,0,1,1,1,1,1,2,1,26,0.0,7,5,0
505,4,1.0,1.0,0,2,0,0,0,2,2,2,1,2,0,0,1,2,0,2,2,2,2,1,1,1,1,1,0,1,39,1.0,7,1,2
506,5,0.0,0.0,0,2,1,1,0,1,0,0,1,1,1,0,1,2,0,2,0,2,2,0,2,2,0,0,0,2,38,0.0,7,9,0
507,6,1.0,1.0,1,0,0,0,0,5,1,0,0,2,0,0,1,0,0,1,1,2,0,1,2,1,0,0,2,1,34,0.0,7,5,2
508,3,0.0,0.0,0,2,0,0,0,5,2,2,1,2,0,0,1,0,2,1,0,1,1,0,1,1,1,1,2,1,44,0.0,5,9,0
509,4,1.0,1.0,1,0,0,0,1,1,0,0,1,1,1,0,1,1,1,0,0,1,0,0,0,0,0,0,0,0,24,0.0,7,9,1
510,2,1.0,1.0,1,1,1,1,1,2,0,0,1,1,1,0,1,1,1,0,0,1,1,1,1,1,1,1,2,1,31,0.0,7,6,2
511,6,1.0,1.0,1,1,0,0,0,4,1,0,2,1,0,0,1,2,0,1,2,2,1,1,1,1,1,1,2,1,47,0.0,7,2,2
512,6,1.0,1.0,0,2,1,1,1,1,0,0,1,1,1,0,1,1,1,2,2,1,1,1,1,1,1,1,0,1,30,0.0,6,9,2
513,2,1.0,1.0,1,2,1,1,1,1,0,0,1,1,0,0,1,0,0,0,0,1,0,1,1,1,1,1,1,1,29,0.0,7,2,2
514,6,1.0,1.0,1,2,0,0,0,5,2,0,2,1,0,0,1,2,2,1,2,2,0,0,0,0,0,0,0,0,27,0.0,7,6,2
515,6,0.0,0.0,1,0,1,1,1,3,0,0,0,2,0,0,0,0,0,1,2,2,0,0,1,1,1,1,2,1,29,0.0,7,6,0
516,4,1.0,1.0,1,2,0,0,1,4,2,0,2,0,0,0,1,2,0,2,2,3,2,1,1,1,1,1,2,2,31,0.0,7,5,2
517,2,0.0,0.0,0,2,0,0,0,0,1,2,0,0,0,0,1,1,2,1,1,3,1,0,0,2,0,0,0,2,27,0.0,7,9,0
518,2,1.0,1.0,0,2,0,0,0,4,2,0,2,2,0,0,1,2,2,2,1,2,1,0,1,1,1,1,0,1,29,0.0,7,9,0
519,2,1.0,1.0,0,2,0,0,0,2,0,0,2,2,0,0,1,1,0,2,0,0,0,0,0,0,0,0,0,0,29,0.0,7,9,0
520,6,1.0,1.0,1,2,0,1,0,4,2,0,2,2,0,0,1,0,0,2,2,2,2,0,2,1,1,0,0,0,42,0.0,7,2,2
521,2,1.0,1.0,1,2,0,0,0,4,2,0,0,2,0,0,1,2,0,1,2,2,0,1,1,0,0,0,0,2,26,1.0,7,5,1
522,2,1.0,1.0,0,2,1,1,0,1,0,0,1,1,1,0,1,2,2,2,2,2,1,1,1,0,1,1,0,1,26,0.0,7,9,2
523,4,0.0,0.0,1,1,1,0,1,4,2,2,0,2,1,0,1,1,0,2,1,2,2,0,0,0,0,0,0,0,24,0.0,7,5,2
524,6,0.0,0.0,1,0,1,1,1,4,1,2,0,0,1,0,1,2,2,1,1,2,2,0,0,0,0,0,0,0,25,0.0,7,5,0
525,2,1.0,1.0,1,1,0,0,0,1,0,0,2,1,1,0,1,1,2,2,0,2,0,0,0,0,0,0,0,0,22,0.0,7,5,2
526,4,1.0,1.0,1,2,0,0,1,3,2,0,2,2,0,0,1,1,2,0,0,2,0,1,1,1,1,1,2,1,33,0.0,7,5,2
527,3,1.0,1.0,1,0,0,1,0,1,0,0,2,1,1,0,1,1,1,1,0,1,0,0,0,0,0,0,0,0,53,0.0,7,4,1
528,3,1.0,1.0,1,1,0,0,0,2,2,0,2,1,0,0,1,0,2,1,0,1,1,1,1,1,1,1,2,1,32,0.0,3,9,0
529,2,1.0,1.0,0,2,0,0,0,3,2,2,2,2,0,0,1,0,0,1,1,1,1,0,1,0,1,1,2,0,32,0.0,7,6,2
530,2,1.0,1.0,0,0,0,0,1,4,2,0,2,0,0,0,1,1,1,1,2,2,2,0,0,0,0,1,0,0,27,0.0,7,9,0
531,2,1.0,1.0,0,2,0,0,0,2,2,2,2,2,1,0,1,1,0,2,2,2,2,0,2,0,0,0,2,2,34,0.0,7,9,1
532,2,1.0,1.0,0,2,0,0,1,4,2,2,1,2,0,0,1,0,0,1,0,2,0,1,1,1,1,1,0,2,26,0.0,7,5,2
533,3,1.0,1.0,0,0,0,0,0,2,2,0,2,1,0,0,1,0,0,1,1,1,1,1,1,1,1,1,2,1,25,0.0,7,7,0
534,6,1.0,1.0,1,1,1,1,0,4,2,0,1,1,1,0,1,2,2,0,0,2,0,1,1,2,1,1,0,2,39,0.0,7,9,2
535,3,1.0,1.0,0,2,1,0,0,2,0,0,0,1,0,0,1,0,0,1,0,2,0,0,2,2,0,1,0,1,32,0.0,7,5,0
536,5,1.0,1.0,0,0,1,1,0,0,1,2,0,2,0,0,1,0,0,1,1,0,2,1,1,2,1,1,0,1,33,0.0,7,9,0
537,3,1.0,1.0,1,0,0,0,0,0,2,0,0,2,0,0,1,2,0,1,1,0,2,0,0,0,0,0,0,0,58,0.0,7,6,2
538,2,1.0,1.0,0,0,0,0,1,5,1,1,0,0,0,0,1,0,0,1,1,2,2,0,0,1,1,1,0,1,30,0.0,3,9,0
539,6,0.0,0.0,0,0,0,0,0,0,2,0,0,0,0,0,1,0,0,2,0,2,2,1,1,1,1,0,0,2,45,0.0,7,7,2
540,1,1.0,1.0,0,2,0,0,0,5,1,1,0,0,0,0,1,2,0,1,1,0,2,1,1,0,1,1,0,0,26,1.0,3,9,2
541,4,1.0,1.0,1,1,0,1,1,0,1,0,0,0,0,0,1,1,0,1,2,2,2,1,2,1,1,1,0,1,22,0.0,7,2,0
542,2,1.0,1.0,0,2,0,0,0,2,1,0,0,0,0,0,0,2,1,2,0,1,0,1,2,0,0,0,0,2,21,0.0,7,5,2
543,6,1.0,1.0,1,2,1,1,0,2,2,0,2,1,0,0,1,2,0,2,0,2,2,0,1,2,1,1,0,2,32,0.0,3,9,2
544,5,0.0,0.0,0,0,1,1,1,0,0,2,0,1,1,0,1,2,0,2,2,2,2,0,0,0,0,0,0,0,34,0.0,7,5,2
545,3,1.0,1.0,0,0,1,0,0,1,0,0,2,1,1,0,1,0,0,2,0,2,2,0,0,0,0,0,0,0,25,1.0,7,5,2
546,2,1.0,1.0,1,2,0,0,1,1,0,0,2,2,0,0,1,2,0,1,2,2,1,1,1,1,1,1,1,1,27,0.0,7,5,2
547,3,1.0,1.0,1,2,0,0,0,3,1,0,0,0,0,1,1,0,0,1,1,0,1,1,1,1,1,1,0,2,25,1.0,7,7,0
548,5,1.0,1.0,1,1,1,1,1,3,0,0,1,2,0,0,1,2,1,0,0,2,2,0,2,2,1,1,0,0,33,0.0,7,9,2
549,2,1.0,1.0,0,2,0,0,0,2,2,2,1,0,0,0,1,0,0,1,2,0,0,1,0,0,0,0,0,0,36,1.0,7,5,1
550,2,1.0,1.0,0,0,0,0,0,3,1,2,0,0,0,0,1,0,0,2,2,2,2,0,2,2,0,1,0,0,26,0.0,7,9,0
551,2,1.0,1.0,0,2,0,0,0,3,0,0,2,2,0,0,1,1,1,0,0,2,2,0,2,2,0,0,0,2,34,0.0,7,6,0
552,3,1.0,1.0,1,1,0,0,1,4,1,0,2,2,0,1,1,0,0,1,1,1,1,1,1,1,1,1,2,1,34,0.0,7,5,2
553,6,0.0,0.0,1,1,0,1,1,3,2,0,2,0,0,0,1,0,0,0,0,1,0,0,2,1,1,1,0,1,25,0.0,7,2,2
554,3,1.0,1.0,0,1,0,0,0,5,2,0,2,2,0,0,0,0,0,1,1,2,0,1,0,0,0,0,0,0,27,1.0,3,9,2
555,3,1.0,1.0,0,2,0,0,0,4,2,2,0,0,0,1,1,2,0,2,2,2,2,0,2,0,0,1,0,0,24,1.0,3,9,0
556,6,0.0,0.0,1,2,0,0,0,4,2,0,0,2,0,0,1,0,0,1,1,2,0,1,1,0,1,1,0,2,47,1.0,7,7,2
557,3,1.0,1.0,1,2,0,1,1,2,0,0,1,1,1,0,1,1,2,2,2,2,2,0,2,0,0,0,0,0,37,0.0,7,5,2
558,6,0.0,0.0,0,0,0,0,0,3,1,2,2,2,0,1,0,2,0,1,1,2,1,0,1,1,1,1,0,1,35,0.0,7,5,2
559,4,0.0,0.0,1,1,0,0,1,5,1,0,0,0,0,0,1,2,0,1,1,0,2,0,1,1,1,1,1,1,30,0.0,7,2,1
560,6,0.0,0.0,1,0,1,1,1,2,2,0,0,2,1,0,1,2,0,1,1,2,1,0,0,0,0,0,0,0,42,0.0,7,3,0
561,4,1.0,1.0,1,0,0,1,1,1,0,0,0,1,0,0,1,0,0,2,0,2,2,0,2,2,0,0,0,0,31,0.0,7,2,1
562,4,1.0,1.0,1,2,1,0,0,2,2,0,2,2,0,0,1,2,0,2,0,1,1,0,2,2,1,0,0,2,28,1.0,7,2,1
563,3,0.0,0.0,1,1,1,1,1,3,2,0,1,1,0,1,1,2,0,1,1,2,1,0,1,1,1,1,2,1,36,1.0,7,5,2
564,2,1.0,1.0,1,1,0,0,1,4,1,0,2,2,0,0,1,0,0,1,2,2,0,1,1,1,1,1,2,1,36,1.0,7,3,0
565,3,0.0,0.0,0,0,0,0,0,0,0,0,0,0,0,0,1,2,0,2,1,3,2,1,2,2,1,1,0,1,32,0.0,3,9,2
566,4,1.0,1.0,1,0,0,0,0,2,2,0,0,2,0,0,1,2,0,2,2,3,2,0,2,2,0,0,0,2,41,1.0,7,5,0
567,3,0.0,0.0,1,1,0,1,0,2,0,0,2,2,1,0,1,2,2,0,2,2,0,0,0,0,0,0,0,0,36,0.0,7,9,2
568,3,1.0,1.0,1,1,1,1,0,3,1,0,2,0,1,0,1,0,0,2,0,1,2,1,1,1,1,1,0,1,23,0.0,7,6,2
569,6,0.0,0.0,1,1,1,1,1,3,0,2,2,0,1,0,1,2,0,2,2,2,2,1,1,1,1,1,2,1,54,1.0,7,4,0
570,3,0.0,0.0,0,2,1,1,1,3,2,0,1,2,0,1,1,2,2,2,0,0,2,0,0,0,0,0,0,0,34,1.0,7,5,0
571,2,1.0,1.0,0,0,0,0,0,1,1,0,1,1,0,0,1,0,0,1,2,1,0,0,0,0,0,0,0,0,36,0.0,5,9,0
572,1,1.0,1.0,1,1,0,0,0,3,2,0,2,2,0,0,1,0,0,2,2,1,1,1,0,0,0,0,0,0,27,0.0,7,3,0
573,4,1.0,1.0,1,1,0,0,0,2,2,0,2,2,0,0,1,2,0,1,1,1,1,1,1,1,1,1,0,0,32,0.0,7,2,1
574,2,1.0,1.0,1,1,0,0,0,5,1,1,2,0,0,0,0,2,2,2,2,0,2,0,1,2,1,1,2,2,21,0.0,4,9,0
575,1,1.0,1.0,0,0,1,1,1,2,0,0,1,1,1,0,1,1,1,2,0,2,0,0,0,0,0,0,0,0,44,0.0,7,6,1
576,3,1.0,1.0,0,2,0,0,0,3,0,0,2,1,1,0,1,0,0,2,2,2,0,0,1,1,0,0,2,2,33,0.0,7,6,1
577,6,1.0,1.0,1,0,0,0,1,5,2,0,0,0,0,1,1,1,0,1,1,0,1,1,1,1,1,1,2,1,38,0.0,7,9,2
578,6,1.0,1.0,1,2,1,1,0,0,2,0,2,2,0,0,1,2,0,1,1,2,1,1,2,0,0,0,2,2,38,0.0,7,9,2
579,1,1.0,1.0,0,0,0,0,0,5,2,2,0,0,0,1,1,2,1,1,1,0,1,0,0,0,0,1,2,0,22,1.0,7,9,1
580,6,0.0,0.0,0,0,0,0,0,5,2,2,0,1,0,0,1,2,2,1,1,0,1,1,0,0,0,0,0,0,27,1.0,3,9,0
581,2,0.0,0.0,0,0,0,0,0,4,2,0,1,0,0,0,1,0,0,1,2,2,2,1,1,1,1,1,0,2,66,0.0,7,2,2
582,1,0.0,0.0,0,2,0,0,0,5,2,2,0,0,1,0,0,0,0,1,1,0,2,1,2,2,0,1,0,0,25,0.0,7,2,2
583,3,1.0,1.0,0,2,0,0,0,3,2,0,2,2,0,0,1,2,0,2,2,3,1,0,0,0,0,0,0,0,22,0.0,5,9,0
584,3,1.0,1.0,0,0,0,0,0,2,0,0,1,1,0,0,1,2,2,0,2,2,2,0,0,0,0,0,2,1,29,0.0,7,9,2
585,4,1.0,1.0,0,0,1,1,0,2,1,0,0,1,0,1,1,0,2,1,1,2,1,0,1,0,0,1,2,2,33,0.0,7,9,0
586,2,1.0,1.0,0,0,0,0,0,4,2,0,0,0,0,0,1,1,0,1,1,0,0,0,0,0,0,0,0,0,27,0.0,7,9,0
587,2,1.0,1.0,0,0,0,0,0,4,1,2,0,2,0,0,1,2,2,1,1,2,2,0,1,2,1,1,0,2,44,0.0,7,3,2
588,2,0.0,0.0,0,2,0,0,0,0,2,0,0,0,0,0,1,2,0,1,1,2,0,0,0,0,0,0,0,0,32,0.0,7,2,1
589,5,0.0,0.0,1,2,1,1,0,5,1,0,2,0,0,0,1,0,0,1,1,0,2,0,0,0,0,0,0,0,59,1.0,7,2,0
590,6,1.0,1.0,1,1,0,0,0,3,0,0,1,1,1,0,1,1,1,0,0,1,0,1,1,0,1,1,2,2,32,0.0,7,1,1
591,6,0.0,0.0,0,2,0,1,0,5,1,0,0,0,0,0,1,2,2,1,1,0,2,0,0,2,0,0,0,0,41,0.0,7,9,0
592,1,1.0,1.0,0,2,0,1,0,1,0,0,1,1,1,0,0,1,2,1,2,1,0,1,1,1,1,1,0,2,38,1.0,7,7,1
593,6,0.0,0.0,0,0,1,1,1,4,0,0,1,2,0,0,1,0,2,1,0,2,1,1,1,0,1,1,0,2,43,0.0,7,9,0
594,4,1.0,1.0,1,1,0,1,1,1,0,0,2,1,1,0,1,0,0,0,0,2,1,1,1,1,1,1,2,1,29,1.0,7,2,1
595,4,1.0,1.0,0,2,1,0,0,1,0,0,1,2,0,0,0,0,0,1,1,3,0,0,0,0,0,0,0,0,25,1.0,7,5,0
596,3,1.0,1.0,1,1,1,0,0,2,0,0,2,1,1,0,1,0,0,1,1,3,2,0,1,1,1,0,2,1,49,0.0,7,9,0
597,3,1.0,1.0,0,0,1,0,0,0,1,1,0,0,0,0,1,0,0,2,2,2,2,1,0,1,1,1,2,2,36,0.0,7,8,1
598,3,1.0,1.0,0,2,0,0,0,4,2,0,2,2,0,0,1,2,0,0,2,2,2,1,0,0,0,0,0,0,28,0.0,7,7,2
599,6,0.0,0.0,0,0,0,0,0,4,2,2,0,0,0,0,1,2,0,1,1,2,2,1,1,1,1,1,2,1,37,0.0,7,4,2
600,2,0.0,0.0,0,1,0,0,1,4,1,0,0,0,0,1,1,0,0,1,1,3,1,1,2,1,1,0,0,1,23,1.0,7,2,2
601,6,0.0,0.0,1,1,1,1,1,3,0,0,2,1,1,0,1,0,0,2,1,2,0,1,1,1,1,1,2,1,32,0.0,7,6,0
602,1,1.0,1.0,0,2,0,0,0,4,0,0,0,2,0,0,1,2,2,2,2,2,2,0,0,2,0,0,0,0,28,0.0,3,9,1
603,6,0.0,0.0,0,2,0,0,0,3,0,0,0,2,0,0,1,2,0,2,2,3,0,1,1,1,1,1,2,2,28,0.0,7,9,0
604,6,1.0,1.0,1,1,0,0,0,2,2,0,0,0,0,0,0,2,0,1,1,2,2,1,1,1,1,1,2,1,29,0.0,7,1,0
605,4,1.0,1.0,0,2,0,0,0,0,0,0,1,1,1,0,1,0,0,1,1,1,1,0,2,2,1,0,2,1,35,0.0,7,8,1
606,5,1.0,1.0,0,2,1,1,1,2,0,0,1,1,1,0,1,2,2,0,0,2,0,0,2,2,0,0,0,0,35,0.0,7,9,1
607,6,0.0,0.0,1,2,0,1,1,2,0,0,1,1,0,0,1,2,2,0,0,1,1,0,2,0,0,0,0,0,31,0.0,7,9,2
608,6,1.0,1.0,1,1,1,1,1,2,0,0,2,1,1,0,1,1,1,1,1,2,1,0,0,0,0,0,0,0,37,0.0,3,9,1
609,2,1.0,1.0,0,2,1,1,1,1,0,0,1,1,1,0,1,2,2,2,0,1,0,1,1,1,1,1,0,1,34,1.0,7,5,2
610,3,1.0,1.0,1,1,0,0,0,1,0,0,2,1,0,0,1,2,2,0,2,1,0,1,1,0,1,1,0,2,39,1.0,7,1,2
611,4,1.0,1.0,1,1,0,0,0,4,2,0,0,2,0,0,1,1,0,1,1,2,1,1,1,1,1,1,0,1,29,1.0,7,2,1
612,6,1.0,1.0,1,2,0,1,1,1,0,0,1,1,0,0,1,1,2,2,2,2,0,1,1,0,0,1,0,2,63,0.0,7,3,2
613,6,0.0,0.0,0,2,0,0,0,5,1,1,0,0,0,1,1,0,0,1,1,2,1,1,1,1,1,1,1,1,28,0.0,7,9,0
614,2,1.0,1.0,0,0,0,0,0,1,0,0,1,1,1,0,1,0,1,2,0,3,0,0,0,0,0,0,0,0,19,0.0,7,9,1
615,6,1.0,1.0,1,0,0,0,1,2,2,0,0,0,0,1,1,0,0,1,1,2,1,1,2,2,0,0,0,1,40,0.0,7,1,1
616,6,0.0,0.0,1,1,1,1,1,1,2,0,2,1,0,0,0,2,2,0,0,2,0,1,2,0,1,1,0,2,49,1.0,7,5,2
617,2,1.0,1.0,0,2,1,1,1,1,0,0,1,1,1,0,1,2,2,2,0,0,0,0,0,0,0,0,0,0,27,1.0,6,9,2
618,6,0.0,0.0,1,1,0,1,1,2,2,0,0,0,0,0,1,1,0,1,1,2,1,1,1,1,1,1,2,1,39,0.0,7,6,0
619,6,0.0,0.0,0,2,1,1,1,3,0,0,1,1,1,0,1,1,1,0,0,1,2,0,1,1,1,1,0,2,35,0.0,7,9,0
620,3,1.0,1.0,0,0,0,0,0,0,2,2,2,2,0,0,1,2,2,2,2,2,2,0,2,2,0,0,0,2,35,0.0,7,4,2
621,3,1.0,1.0,1,2,0,0,0,5,2,2,2,0,0,0,1,2,0,1,1,2,1,0,1,1,1,1,0,1,42,1.0,7,4,2
622,2,1.0,1.0,1,1,1,0,1,1,0,0,2,1,1,0,1,1,1,0,2,2,1,0,0,0,0,0,0,0,35,0.0,3,9,2
623,4,1.0,1.0,0,0,0,0,0,4,0,0,2,1,1,0,1,0,0,1,1,2,1,0,1,0,1,1,2,1,31,1.0,7,4,2
624,4,1.0,1.0,1,1,0,0,0,0,2,2,0,0,0,0,1,2,2,2,2,2,0,0,2,2,0,1,2,2,39,0.0,7,8,2
625,6,1.0,1.0,0,2,0,0,0,2,2,2,0,2,1,0,1,1,2,2,2,1,2,0,0,0,0,0,0,0,45,0.0,7,9,2
626,3,1.0,1.0,0,2,0,0,0,4,2,0,0,2,0,0,1,1,0,2,2,2,0,1,2,0,0,1,0,0,29,0.0,7,3,2
627,2,1.0,1.0,1,0,0,0,0,0,0,0,1,1,1,0,0,0,0,0,0,2,0,1,1,0,1,1,0,1,20,0.0,7,5,1
628,4,1.0,1.0,0,2,0,0,0,5,1,2,2,2,0,0,0,0,0,1,1,0,0,1,0,0,0,0,0,0,34,0.0,7,7,0
629,5,1.0,1.0,0,2,1,1,1,1,0,0,1,1,1,0,1,2,0,0,0,1,0,0,1,1,1,1,0,1,33,0.0,7,9,0
630,4,1.0,1.0,1,1,0,0,0,0,1,0,0,0,0,0,1,0,0,1,1,3,2,1,1,1,1,1,2,1,31,0.0,7,1,2
631,6,1.0,1.0,1,1,1,1,1,1,2,0,1,1,0,1,1,0,0,0,0,1,1,1,1,1,1,1,0,1,36,0.0,7,4,2
632,4,1.0,1.0,1,1,0,1,0,2,2,2,0,0,0,1,1,1,1,2,2,2,1,1,0,1,0,0,0,0,30,0.0,7,1,1
633,6,0.0,0.0,1,2,0,0,1,3,2,0,2,0,0,0,1,0,0,1,1,2,2,1,1,2,1,1,0,2,44,1.0,7,4,0
634,1,1.0,1.0,0,2,0,0,0,2,2,2,2,0,1,0,1,2,0,1,2,2,0,0,1,1,1,1,0,1,23,1.0,7,4,2
635,6,0.0,0.0,1,0,0,1,0,0,2,0,0,0,0,0,0,2,0,1,2,2,0,0,0,0,0,0,0,0,46,0.0,7,6,0
636,4,1.0,1.0,1,1,0,0,0,1,0,0,1,1,0,1,1,0,0,2,2,2,1,1,1,1,1,1,0,2,33,1.0,7,2,1
637,5,0.0,0.0,1,1,0,0,1,2,1,2,2,0,0,0,1,2,0,1,1,0,2,1,1,2,1,1,0,2,32,1.0,7,1,0
638,2,1.0,1.0,0,0,0,0,0,3,0,0,1,1,1,0,1,2,2,0,0,2,0,0,1,1,0,1,0,1,26,0.0,7,5,2
639,6,1.0,1.0,0,2,0,0,0,1,0,0,2,0,0,0,0,0,0,2,0,0,0,0,0,0,0,0,0,0,28,0.0,7,7,2
640,6,1.0,1.0,1,0,0,1,0,4,2,2,1,1,1,0,1,0,0,2,2,1,0,0,0,0,0,0,0,0,30,0.0,7,1,2
641,2,1.0,1.0,0,0,0,0,0,4,1,2,0,0,1,0,1,0,0,1,1,0,1,1,2,2,1,1,0,1,28,1.0,7,7,2
642,4,1.0,1.0,1,1,0,0,1,2,0,0,1,1,0,0,1,2,2,0,0,1,1,1,1,1,1,1,0,1,31,0.0,3,9,1
643,4,1.0,1.0,1,0,0,0,0,4,2,0,0,2,0,0,1,2,0,2,2,0,0,0,2,2,0,0,0,0,29,0.0,7,2,2
644,3,1.0,1.0,0,0,0,0,0,2,2,0,0,0,0,0,1,0,0,2,1,0,2,0,2,2,0,0,0,0,33,0.0,7,4,2
645,6,1.0,1.0,1,1,0,1,1,0,2,2,2,2,1,0,1,0,0,1,2,2,1,1,1,1,1,1,0,2,43,1.0,7,3,1
646,4,1.0,1.0,0,2,1,1,0,1,0,0,2,1,1,0,1,2,0,2,0,2,0,0,0,2,0,0,0,2,28,0.0,6,9,1
647,4,1.0,1.0,1,2,0,0,0,3,2,0,0,2,0,1,1,1,0,2,2,1,2,1,1,1,1,1,0,1,38,0.0,7,4,1
648,2,0.0,0.0,1,1,0,0,1,2,2,0,2,0,0,0,1,1,0,1,2,2,1,0,1,2,1,1,0,2,30,0.0,7,6,2
649,3,1.0,1.0,0,0,0,0,0,2,2,2,0,0,0,0,1,0,0,1,1,0,1,0,0,0,0,0,0,0,48,1.0,7,5,0
650,2,1.0,1.0,0,0,0,0,0,3,1,2,0,2,0,0,1,0,0,1,1,2,1,0,0,0,0,0,0,0,28,0.0,6,9,2
651,4,1.0,1.0,1,1,1,1,1,2,2,0,2,1,0,1,1,2,0,1,2,2,2,1,1,2,1,1,0,1,37,0.0,7,5,1
652,6,1.0,1.0,1,0,0,0,0,3,2,2,1,2,0,0,1,2,0,1,2,2,2,0,1,0,0,1,2,2,33,0.0,7,5,2
653,2,1.0,1.0,0,2,0,0,0,4,1,1,0,1,0,0,0,0,0,1,1,2,1,0,0,1,0,1,0,1,21,0.0,6,9,0
654,3,0.0,0.0,1,2,0,0,0,5,1,1,0,0,0,1,1,2,0,1,1,2,2,1,1,0,1,1,0,1,25,0.0,7,1,2
655,4,1.0,1.0,1,0,0,0,0,4,2,2,2,0,0,1,1,0,0,1,2,1,1,1,1,1,1,1,2,1,40,0.0,7,5,1
656,4,0.0,0.0,0,2,0,0,0,3,2,0,0,2,0,0,1,2,0,1,1,2,2,1,1,2,1,1,0,1,30,1.0,3,9,2
657,1,1.0,1.0,0,0,0,0,0,1,0,2,2,0,0,1,0,1,1,1,1,1,0,0,0,0,0,0,0,0,25,0.0,7,9,0
658,6,1.0,1.0,1,2,0,0,1,2,2,0,1,2,0,0,1,0,0,2,0,2,0,0,0,0,0,0,0,0,38,0.0,4,9,2
659,4,0.0,0.0,0,0,0,0,0,0,2,0,2,1,0,0,1,1,2,0,2,2,0,1,0,2,0,1,0,1,24,0.0,7,9,0
660,2,1.0,1.0,0,2,0,0,0,4,0,0,2,1,0,0,0,1,2,1,0,3,0,0,0,0,0,0,0,0,23,0.0,7,9,0
661,2,1.0,1.0,0,2,0,0,1,3,2,0,1,0,0,0,0,0,0,2,0,2,0,0,0,0,0,0,0,0,26,0.0,7,5,2
662,6,0.0,0.0,0,2,0,0,0,3,2,2,0,0,1,0,1,2,2,2,1,2,0,0,0,0,0,0,0,0,43,0.0,7,9,0
663,2,1.0,1.0,0,2,0,0,0,1,0,0,2,2,0,0,1,2,2,0,0,2,2,1,2,2,0,0,0,2,30,0.0,7,9,1
664,3,0.0,0.0,0,0,0,0,0,5,2,0,0,0,0,0,0,0,0,1,1,0,2,0,2,2,0,0,0,2,40,0.0,7,9,2
665,3,0.0,0.0,1,0,0,0,0,5,2,0,0,0,0,0,1,2,0,1,1,2,2,1,1,1,0,1,0,1,33,1.0,7,9,0
666,2,1.0,1.0,0,0,0,0,0,0,1,2,0,0,0,0,1,2,2,1,2,0,2,0,0,0,0,0,0,0,22,0.0,7,9,0
667,4,1.0,1.0,1,2,0,1,0,0,2,0,2,2,0,0,1,1,2,2,0,2,2,1,1,1,1,1,0,2,28,0.0,7,2,1
668,6,1.0,1.0,1,1,0,0,0,5,2,0,0,0,0,0,1,0,0,1,1,2,0,1,1,1,1,1,2,1,39,0.0,7,1,2
669,4,1.0,1.0,0,0,0,0,0,1,0,0,1,1,1,0,1,2,2,0,0,2,2,0,0,0,0,0,0,0,33,0.0,7,5,1
670,2,1.0,1.0,0,2,0,0,0,0,0,0,2,2,0,0,1,0,0,1,2,0,0,0,0,0,0,0,0,0,37,0.0,7,6,2
671,5,1.0,1.0,0,0,0,1,0,0,2,0,0,0,0,0,1,2,2,1,1,1,0,1,1,1,1,1,0,1,41,1.0,7,9,0
672,6,1.0,1.0,1,2,0,0,0,2,0,0,0,0,0,0,1,2,2,2,2,2,0,1,1,1,1,0,0,2,30,1.0,7,5,2
673,6,1.0,1.0,1,1,1,1,1,2,0,0,2,1,1,0,1,1,2,0,2,2,2,1,1,0,0,0,0,0,42,0.0,7,4,2
674,2,1.0,1.0,1,0,0,0,0,4,0,0,2,2,1,0,1,1,2,2,2,2,0,0,0,0,0,0,0,0,52,0.0,7,6,2
675,3,1.0,1.0,0,0,0,0,0,2,0,0,2,2,0,0,0,2,2,2,2,2,0,0,0,0,0,0,2,1,30,0.0,7,1,1
676,5,1.0,1.0,1,1,0,0,1,3,0,0,2,1,0,0,1,2,2,2,2,1,0,0,1,1,0,1,0,2,35,0.0,7,4,2
677,3,1.0,1.0,0,0,0,0,0,0,0,0,2,0,0,0,1,0,0,1,0,2,0,0,1,0,1,1,0,0,24,0.0,7,4,2
678,2,1.0,1.0,0,2,0,0,0,2,0,0,2,1,0,0,1,2,0,2,2,2,2,0,0,0,0,0,0,0,39,0.0,7,6,2
679,2,1.0,1.0,1,2,0,0,0,5,1,2,2,2,1,1,1,2,2,1,1,0,1,1,0,0,0,0,0,0,34,0.0,7,2,2
680,3,0.0,0.0,0,0,0,0,0,5,1,1,0,0,0,0,1,0,0,1,1,3,1,0,2,2,0,0,1,1,43,0.0,7,9,0
681,2,1.0,1.0,1,0,0,0,1,5,0,0,0,2,0,0,1,0,0,1,0,0,2,0,0,0,0,1,0,0,39,0.0,7,6,2
682,3,1.0,1.0,1,1,0,0,1,2,0,0,1,1,0,0,1,1,1,2,0,1,2,1,1,1,1,1,0,1,34,0.0,7,5,2
683,6,0.0,0.0,1,2,1,0,0,2,2,0,2,1,0,0,0,0,0,2,2,2,2,0,0,0,0,0,0,0,38,0.0,7,9,2
684,4,1.0,1.0,1,1,0,0,1,2,1,2,1,1,0,1,1,0,0,1,1,1,1,0,1,1,1,1,2,1,26,1.0,7,3,1
685,2,1.0,1.0,0,2,0,0,0,3,2,0,2,0,0,0,1,2,2,2,0,2,2,1,0,0,0,0,0,0,24,0.0,7,9,2
686,6,0.0,0.0,0,2,1,1,0,5,1,0,0,0,0,0,1,2,0,0,0,2,0,1,1,1,1,1,0,1,27,1.0,7,2,2
687,2,1.0,1.0,1,1,1,1,1,3,0,0,2,0,1,0,1,2,0,1,1,2,1,0,1,1,0,1,0,2,25,0.0,7,5,0
688,6,0.0,0.0,1,2,0,1,1,3,2,0,0,2,1,0,1,2,0,1,1,2,1,1,2,0,0,0,0,0,33,0.0,3,9,2
689,3,0.0,0.0,0,2,1,0,1,4,1,0,0,0,0,0,1,2,2,1,1,2,1,0,1,1,1,1,2,1,34,0.0,7,2,2
690,3,1.0,1.0,0,2,0,0,0,4,2,0,0,0,0,0,1,2,0,1,1,2,0,0,1,1,1,1,0,1,27,0.0,3,9,2
691,4,1.0,1.0,1,0,0,0,0,1,2,0,0,2,0,0,1,2,0,1,1,2,2,1,1,2,1,1,2,1,33,0.0,7,2,2
692,2,1.0,1.0,1,2,0,0,0,2,2,0,1,1,1,0,1,2,2,2,2,2,0,1,1,1,1,1,1,1,50,0.0,7,6,2
693,6,1.0,1.0,1,2,1,0,1,5,1,0,1,0,0,1,1,2,0,1,0,3,1,0,1,0,1,1,2,1,32,1.0,3,9,2
694,2,1.0,1.0,0,2,0,1,1,1,0,0,2,2,1,0,1,2,2,0,0,3,0,0,0,0,0,0,0,0,39,0.0,3,9,2
695,2,1.0,1.0,0,0,0,0,0,1,0,0,1,1,1,0,1,1,2,2,0,2,2,0,0,0,0,0,0,0,36,0.0,7,6,2
696,4,1.0,1.0,0,0,0,0,0,2,2,0,1,2,0,0,1,2,0,2,0,1,2,0,2,0,0,0,0,0,34,0.0,3,9,2
697,4,1.0,1.0,0,2,0,0,0,0,2,0,2,1,0,0,1,0,0,2,0,2,0,1,1,2,0,1,2,1,31,1.0,7,2,2
698,6,0.0,0.0,0,2,1,1,0,2,0,0,2,1,0,0,1,1,2,2,2,2,1,1,1,2,1,1,0,0,36,0.0,7,4,0
699,6,0.0,0.0,0,2,1,1,1,1,0,0,1,1,1,0,1,0,0,1,2,2,0,0,0,0,0,0,2,1,48,0.0,7,6,2
700,2,1.0,1.0,0,0,0,0,0,1,0,0,2,1,0,0,1,0,0,2,1,0,0,1,1,2,1,1,2,2,31,0.0,7,2,0
701,1,1.0,1.0,0,2,0,0,0,1,0,0,1,1,1,0,1,2,2,2,0,2,0,0,0,0,0,0,0,0,32,0.0,7,2,1
702,4,1.0,1.0,0,2,0,0,0,4,1,2,0,0,0,1,1,0,0,1,1,3,1,0,0,0,0,0,0,0,32,0.0,7,7,1
703,1,1.0,1.0,0,2,0,1,1,1,0,0,2,1,1,0,1,0,0,0,0,2,0,1,0,1,1,1,0,1,28,1.0,7,5,2
704,6,0.0,0.0,0,0,0,0,0,5,1,0,0,0,0,0,1,2,0,1,1,0,1,1,1,1,1,1,0,0,28,0.0,7,9,0
705,3,1.0,1.0,1,1,0,0,0,2,1,2,0,2,0,0,1,2,0,1,2,2,0,1,1,1,1,1,0,1,33,1.0,7,2,2
706,4,1.0,1.0,0,0,0,0,0,5,1,2,2,2,0,1,1,0,0,2,2,2,1,0,2,2,1,1,0,0,37,0.0,7,8,1
707,2,1.0,1.0,0,2,0,0,0,2,2,0,2,2,0,0,1,2,0,1,2,1,1,0,1,0,1,1,2,2,27,1.0,4,9,1
708,6,1.0,1.0,0,0,0,0,0,0,0,0,2,2,0,0,1,2,0,1,1,2,0,0,0,2,0,0,0,0,39,0.0,7,4,1
709,6,0.0,0.0,1,1,0,1,1,2,2,0,2,1,0,0,1,0,0,2,2,2,0,0,0,0,0,0,0,0,34,1.0,7,4,0
710,2,1.0,1.0,0,2,0,0,0,2,0,0,2,1,1,0,1,0,0,2,2,3,1,0,2,2,0,0,0,0,31,1.0,7,9,1
711,6,0.0,0.0,1,1,0,1,0,1,1,0,0,0,0,0,1,0,0,1,1,2,1,1,2,2,1,0,0,1,39,0.0,7,3,2
712,3,1.0,1.0,0,0,0,0,0,4,2,2,0,0,0,0,1,2,2,2,2,2,1,1,1,0,1,1,2,2,46,0.0,7,3,2
713,6,1.0,1.0,0,0,0,0,0,2,0,0,2,1,1,0,1,1,1,0,0,2,0,0,0,2,0,0,0,2,28,0.0,7,3,2
714,3,1.0,1.0,0,2,0,0,1,3,2,0,0,0,1,0,1,1,2,1,2,2,0,0,0,0,0,0,0,0,32,0.0,7,9,2
715,3,0.0,0.0,0,2,1,0,0,2,0,0,1,1,1,0,1,1,1,1,0,2,1,0,1,1,1,1,2,1,51,0.0,7,3,2
716,5,0.0,0.0,0,0,0,1,1,3,0,0,1,1,0,0,1,1,2,1,2,2,2,0,2,2,0,1,0,0,29,0.0,7,5,2
717,1,1.0,1.0,0,2,0,0,0,1,0,0,1,1,0,0,1,1,1,0,0,3,0,1,2,2,0,0,0,0,32,0.0,7,9,2
718,6,0.0,0.0,0,2,0,1,0,3,2,0,0,2,0,0,1,1,2,1,1,3,2,1,2,0,0,1,0,0,52,0.0,7,9,0
719,6,0.0,0.0,1,1,0,0,0,4,1,2,2,2,0,0,1,2,2,1,1,3,2,0,1,2,1,1,2,1,35,0.0,7,5,0
720,3,1.0,1.0,0,2,0,0,0,3,2,0,1,1,0,0,1,0,0,1,2,2,2,0,0,0,0,0,0,0,38,0.0,7,9,2
721,2,0.0,0.0,0,0,0,0,0,4,2,0,0,1,0,0,1,2,0,0,2,0,2,0,2,2,0,0,0,2,27,0.0,7,7,0
722,2,1.0,1.0,0,0,0,1,1,0,0,0,0,1,1,1,1,0,0,1,0,2,0,1,1,1,0,0,0,1,40,1.0,7,7,1
723,5,0.0,0.0,0,2,0,0,0,5,1,2,0,0,0,0,1,0,0,1,1,3,2,0,2,0,0,0,0,0,32,0.0,7,9,0
724,4,0.0,0.0,1,1,0,0,1,4,2,0,2,2,0,0,1,0,0,1,1,2,1,0,1,1,1,0,0,1,28,1.0,4,9,0
725,6,0.0,0.0,0,1,0,0,0,2,2,0,0,0,0,0,0,0,0,1,1,2,0,1,0,0,0,0,0,0,42,0.0,7,1,2
726,1,1.0,1.0,0,1,0,0,0,2,2,0,2,2,1,0,1,0,0,2,2,2,0,1,1,2,1,1,0,2,31,0.0,7,2,2
727,2,1.0,1.0,0,2,0,0,0,2,0,0,0,0,0,0,1,2,0,2,2,2,0,1,1,1,1,1,2,1,35,0.0,3,9,0
728,3,1.0,1.0,0,2,1,0,1,1,0,0,1,1,1,0,1,0,0,0,0,1,0,1,1,1,1,1,0,1,35,0.0,6,9,2
729,3,1.0,1.0,1,1,0,0,1,2,2,0,2,1,1,0,0,2,2,1,2,2,0,1,1,1,1,1,0,1,24,0.0,7,1,0
730,2,1.0,1.0,0,0,0,0,0,0,2,0,0,0,0,0,0,1,0,2,2,3,2,0,0,0,0,0,2,2,23,0.0,7,9,2
731,2,1.0,1.0,0,2,1,0,1,1,0,0,2,2,0,0,1,0,0,2,0,2,2,0,0,0,0,0,0,0,38,0.0,7,9,1
732,3,1.0,1.0,0,0,0,0,0,1,0,0,0,2,1,0,1,1,1,2,2,2,0,0,0,0,0,0,0,0,33,0.0,7,9,2
733,3,1.0,1.0,0,2,0,0,0,1,0,0,1,1,1,0,1,1,1,2,2,2,0,0,0,0,0,0,0,0,35,0.0,7,9,2
734,4,1.0,1.0,0,2,0,0,0,0,0,0,2,2,0,0,1,2,2,2,2,3,0,0,0,0,0,0,0,0,30,1.0,4,9,0
735,5,1.0,1.0,0,0,0,0,0,1,0,0,0,2,0,0,1,1,0,2,2,0,0,1,2,2,0,0,0,0,28,0.0,7,3,2
736,2,1.0,1.0,0,2,1,0,0,2,0,0,2,1,0,0,0,1,2,1,2,2,0,0,1,0,1,0,2,2,39,0.0,4,9,2
737,1,1.0,1.0,0,1,0,0,0,2,2,0,2,2,0,0,1,1,2,2,2,1,1,1,1,1,1,1,0,1,21,0.0,7,2,1
738,2,1.0,1.0,1,1,1,1,0,1,2,0,2,1,0,0,1,1,2,2,2,2,0,1,0,0,0,0,0,0,31,0.0,4,9,2
739,6,1.0,1.0,0,0,0,0,0,2,1,2,0,0,0,0,0,2,0,2,2,2,0,0,0,2,0,0,0,0,30,0.0,7,7,2
740,3,1.0,1.0,1,2,0,0,1,4,2,0,2,2,0,0,1,2,0,2,1,0,2,0,0,0,0,0,0,0,25,1.0,7,2,2
741,2,1.0,1.0,0,2,0,0,0,4,2,2,1,2,0,0,0,2,2,1,0,0,0,0,0,0,0,0,0,0,26,0.0,7,9,1
742,3,1.0,1.0,1,2,0,0,1,2,0,0,2,1,0,1,1,0,0,2,0,1,2,0,2,0,0,0,0,0,30,0.0,7,2,0
743,5,1.0,1.0,0,2,0,0,0,2,0,0,2,1,1,0,1,2,0,2,0,2,0,0,0,0,0,0,0,0,30,0.0,7,9,0
744,4,1.0,1.0,0,2,1,0,1,1,0,0,1,1,1,0,1,2,2,2,2,0,0,0,0,0,0,0,0,0,31,0.0,7,9,1
745,4,1.0,1.0,0,2,0,0,0,0,2,0,2,2,0,0,1,2,0,2,0,2,0,1,1,1,1,1,0,2,32,0.0,7,3,0
746,3,0.0,0.0,0,2,0,0,0,4,0,0,2,1,1,0,1,0,2,0,0,3,0,1,1,1,1,1,0,2,45,1.0,7,9,1
747,3,1.0,1.0,1,0,0,0,0,2,2,0,0,0,0,0,1,0,0,1,1,2,2,1,1,2,0,1,2,2,27,0.0,7,2,1
748,3,1.0,1.0,0,2,0,0,0,1,0,0,0,2,1,0,1,0,0,1,2,0,0,0,1,1,0,0,0,2,28,1.0,7,9,1
749,5,1.0,1.0,1,0,0,1,0,4,2,0,2,2,0,0,1,2,2,0,2,2,0,1,0,0,0,0,0,0,38,0.0,7,6,1
750,5,0.0,0.0,1,1,0,1,0,2,2,0,2,1,1,0,1,2,0,1,0,1,1,1,1,1,1,1,2,1,38,0.0,7,6,2
751,6,1.0,1.0,0,2,0,0,1,2,0,0,2,1,1,0,1,1,1,0,0,1,0,1,1,0,1,1,0,0,34,0.0,7,9,2
752,2,1.0,1.0,0,0,0,0,1,1,0,0,2,1,1,0,0,0,0,2,2,2,0,0,0,0,0,0,0,0,23,0.0,7,9,2
753,4,0.0,0.0,1,2,0,0,0,3,1,2,0,2,0,1,1,0,0,1,2,2,2,1,1,2,1,1,0,1,40,1.0,7,4,2
754,3,1.0,1.0,0,2,0,0,0,4,2,0,0,2,0,0,1,0,0,2,2,0,0,1,1,2,1,1,0,2,28,0.0,7,4,0
755,2,1.0,1.0,0,0,0,0,0,0,0,0,1,1,0,0,1,2,2,2,0,0,0,0,0,0,0,0,0,0,33,0.0,7,3,2
756,6,0.0,0.0,1,0,1,1,1,2,2,0,0,2,1,0,0,0,0,2,0,2,1,1,1,1,1,0,0,2,32,0.0,7,6,0
757,6,1.0,1.0,1,1,1,1,1,1,0,0,2,1,0,0,1,1,2,2,2,2,0,1,1,2,1,1,2,1,27,0.0,7,5,0
758,4,1.0,1.0,0,0,0,0,0,0,1,0,0,0,0,0,1,1,2,1,1,1,2,0,1,0,1,1,0,0,33,0.0,7,9,0
759,4,0.0,0.0,0,2,0,0,0,4,2,0,2,1,0,0,1,2,0,1,2,2,2,1,0,0,0,0,0,0,34,0.0,7,9,0
760,6,0.0,0.0,1,0,0,0,0,0,2,2,0,0,0,0,1,0,0,1,1,0,0,0,0,0,0,0,0,0,35,0.0,7,5,0
761,3,1.0,1.0,1,2,1,1,1,3,2,0,2,1,0,0,1,0,0,2,2,2,0,0,2,0,0,0,0,0,39,0.0,7,3,2
762,6,0.0,0.0,1,2,0,1,1,1,0,0,2,2,0,0,1,0,0,2,0,2,1,0,0,0,0,0,0,0,35,0.0,7,6,0
763,4,0.0,0.0,0,0,0,0,1,2,0,0,1,2,0,0,1,1,0,2,2,2,1,0,0,1,0,0,0,0,34,0.0,7,1,2
764,5,0.0,0.0,1,2,0,0,0,1,0,0,1,2,0,0,1,2,0,0,0,1,0,0,1,0,0,1,2,1,42,0.0,7,2,1
765,2,0.0,0.0,1,0,0,0,0,0,2,0,0,2,0,0,1,2,0,1,2,2,0,0,0,0,0,0,0,0,30,0.0,7,8,1
766,3,0.0,0.0,1,0,0,0,0,4,1,0,2,1,0,0,0,1,0,2,2,1,0,1,2,2,0,0,0,2,55,0.0,7,5,0
767,3,1.0,1.0,0,1,0,0,0,2,2,0,0,2,0,0,1,0,0,1,1,2,1,1,2,2,1,1,2,2,46,0.0,7,1,2
768,4,0.0,0.0,1,1,0,0,1,4,0,0,1,1,1,0,1,2,0,1,0,1,0,1,1,1,1,1,0,2,33,0.0,7,2,2
769,3,0.0,0.0,1,2,0,1,1,3,2,2,1,1,0,0,1,1,1,2,0,3,1,1,1,1,1,1,0,2,30,0.0,7,2,2
770,3,1.0,1.0,0,2,0,0,0,1,0,0,1,1,0,0,1,1,1,2,2,2,0,1,1,1,1,1,0,1,30,0.0,7,9,2
771,6,1.0,1.0,1,1,0,1,0,0,1,2,0,0,0,1,1,0,0,1,2,2,2,0,2,2,0,1,0,1,31,1.0,7,2,0
772,6,1.0,1.0,1,2,0,0,1,1,2,0,2,1,0,0,1,2,2,2,2,2,0,0,1,1,1,1,2,1,38,0.0,7,9,2
773,4,1.0,1.0,1,1,1,1,1,4,1,0,1,1,0,0,0,0,0,0,1,2,1,1,0,0,0,0,0,2,30,1.0,7,9,2
774,5,1.0,1.0,1,1,1,1,0,2,0,0,1,1,1,1,1,0,0,0,0,1,1,1,1,1,1,1,0,1,32,0.0,7,1,2
775,6,0.0,0.0,0,2,0,0,0,3,1,0,0,0,0,1,1,0,0,1,1,2,1,0,1,1,1,1,1,1,32,0.0,7,9,0
776,3,1.0,1.0,1,0,0,0,0,5,2,0,2,2,0,0,1,0,2,1,2,2,2,1,1,1,1,1,0,2,47,0.0,7,1,2
777,2,1.0,1.0,0,2,1,0,1,1,0,0,2,1,1,0,1,1,2,2,2,2,1,0,2,2,0,0,0,2,39,0.0,7,9,1
778,4,0.0,0.0,0,2,0,0,0,5,1,0,0,0,0,0,1,0,0,1,1,0,2,1,1,1,1,1,2,1,35,0.0,7,4,2
779,4,1.0,1.0,1,1,0,0,0,5,1,1,0,0,0,0,1,0,0,1,1,2,2,0,1,1,1,1,2,1,36,0.0,7,2,2
780,4,0.0,0.0,1,1,1,1,1,0,2,0,0,2,1,0,0,2,2,0,0,2,0,0,0,0,0,0,0,0,38,1.0,7,6,1
781,4,1.0,1.0,0,2,1,0,1,0,2,0,2,0,0,1,1,0,0,1,2,1,1,0,1,2,0,1,2,1,30,0.0,7,7,2
782,3,1.0,1.0,0,2,0,0,0,2,2,2,1,1,0,0,1,1,2,2,2,2,0,1,2,0,0,1,0,0,33,0.0,7,6,2
783,2,1.0,1.0,0,2,0,0,0,0,1,0,2,0,0,0,1,2,2,2,2,0,2,1,1,1,0,0,0,0,22,0.0,7,2,0
784,3,0.0,0.0,0,0,0,0,0,3,2,0,2,1,0,0,1,1,2,0,0,2,0,0,0,0,0,1,0,0,26,0.0,7,6,0
785,4,1.0,1.0,1,1,0,1,1,3,0,0,1,1,1,0,1,2,2,0,0,1,0,0,2,2,0,1,0,2,34,0.0,7,6,1
786,4,1.0,1.0,0,2,0,1,0,0,1,0,1,1,0,1,1,0,0,1,1,0,1,0,2,1,1,0,1,1,37,0.0,7,9,1
787,1,1.0,1.0,0,0,0,0,0,2,2,0,0,2,0,0,0,1,1,1,0,3,0,0,0,0,0,0,0,0,43,0.0,7,9,2
788,5,1.0,1.0,0,0,0,0,0,3,2,0,1,1,1,0,1,1,0,1,0,1,1,1,1,1,1,1,1,1,30,1.0,7,6,2
789,6,1.0,1.0,1,2,1,1,0,4,0,0,0,2,1,0,1,1,2,2,0,0,1,1,2,2,0,0,0,0,32,0.0,7,7,2
790,6,0.0,0.0,1,1,0,0,1,3,2,0,2,1,0,0,1,2,2,2,2,2,2,0,0,0,0,0,0,0,35,0.0,7,6,1
791,3,1.0,1.0,1,0,0,0,0,3,0,0,2,2,1,0,1,2,0,1,2,2,0,0,0,0,0,0,0,0,29,0.0,7,2,2
792,5,0.0,0.0,0,2,0,0,0,1,0,0,1,1,1,0,1,1,1,0,0,3,0,0,1,2,0,0,2,2,29,0.0,7,2,0
793,6,1.0,1.0,1,0,0,0,0,0,2,0,2,2,0,0,1,2,0,2,2,2,2,0,0,0,0,0,0,0,30,0.0,7,7,1
794,4,1.0,1.0,0,0,0,0,1,4,2,0,0,0,0,0,1,1,0,1,1,2,2,1,2,1,0,0,0,2,30,0.0,7,7,0
795,4,1.0,1.0,1,2,0,0,1,1,0,0,1,1,1,0,1,1,1,2,0,1,1,1,1,1,1,1,0,1,38,0.0,7,3,1
796,3,0.0,0.0,1,0,0,0,0,2,2,0,1,1,0,0,1,1,1,2,2,1,2,1,1,2,0,1,2,2,30,0.0,7,9,0
797,3,1.0,1.0,0,0,0,0,0,2,0,2,0,2,0,0,1,1,1,2,0,2,0,1,0,1,1,0,2,2,26,0.0,5,9,0
798,1,1.0,1.0,0,2,0,0,0,2,0,0,2,2,0,0,1,1,2,2,2,2,0,0,0,0,0,0,0,0,24,0.0,7,2,1
799,4,1.0,1.0,1,0,0,0,0,4,1,2,2,0,0,0,1,0,0,1,1,2,0,0,0,0,0,0,0,0,35,0.0,7,7,0
800,6,1.0,1.0,1,2,0,1,0,2,2,0,2,1,1,1,1,2,0,1,2,1,0,0,2,2,1,1,0,0,38,0.0,7,9,2
801,4,1.0,1.0,1,1,0,0,1,1,2,2,0,0,0,0,1,0,0,2,2,2,2,0,1,1,1,1,2,1,36,0.0,7,1,2
802,3,1.0,1.0,1,1,0,0,0,3,0,0,2,2,0,0,1,1,0,2,2,2,1,0,1,2,1,1,0,2,35,0.0,7,5,2
803,2,1.0,1.0,0,2,0,0,0,2,0,0,1,1,0,0,1,0,0,2,0,2,2,0,0,0,0,0,0,0,25,0.0,7,2,2
804,4,1.0,1.0,0,2,0,0,0,2,0,0,1,1,1,0,1,1,1,0,2,1,1,0,1,2,1,1,2,1,32,1.0,7,9,0
805,4,1.0,1.0,0,2,0,0,0,3,2,2,0,2,0,0,1,0,0,1,2,3,0,1,0,0,0,0,0,2,32,1.0,7,2,0
806,4,1.0,1.0,0,2,0,1,1,2,0,0,2,1,0,0,1,2,2,2,2,2,2,0,1,2,0,1,0,2,28,0.0,4,9,2
807,5,1.0,1.0,1,1,1,1,1,2,2,0,2,2,0,0,1,1,0,2,2,2,0,0,2,0,0,1,0,2,34,1.0,7,9,2
808,6,1.0,1.0,1,1,0,1,1,3,2,0,0,2,0,0,1,2,0,1,2,2,1,1,1,1,1,1,2,2,40,1.0,7,6,0
809,6,1.0,1.0,1,2,0,1,0,4,2,2,0,0,0,0,0,1,0,1,1,0,1,0,1,0,1,1,0,1,45,0.0,7,7,0
810,4,1.0,1.0,0,2,0,0,0,1,0,0,1,1,0,0,1,2,2,2,2,2,2,1,0,0,0,0,0,0,31,0.0,7,9,2
811,6,0.0,0.0,1,1,1,1,0,2,2,0,2,2,0,0,1,1,2,2,1,1,0,1,1,1,1,1,0,1,30,0.0,7,7,2
812,6,0.0,0.0,1,1,1,1,0,3,2,2,1,1,1,0,1,1,1,2,2,1,1,0,0,0,0,0,0,0,47,1.0,7,9,2
813,4,1.0,1.0,0,0,0,0,0,4,1,2,2,2,0,0,1,0,0,1,2,2,0,0,0,0,0,0,0,0,48,0.0,7,9,2
814,6,1.0,1.0,0,0,0,0,0,5,1,2,0,2,0,1,1,2,2,1,1,2,1,1,2,2,1,1,2,2,29,0.0,7,5,0
815,6,0.0,0.0,1,1,1,1,0,1,0,0,2,1,1,0,1,2,2,2,0,2,0,0,0,0,0,0,0,0,52,0.0,7,6,1
816,4,1.0,1.0,1,1,0,1,1,1,0,0,1,1,1,1,1,2,2,0,0,0,1,0,1,0,0,0,2,2,34,1.0,7,9,2
817,4,1.0,1.0,1,1,0,0,0,1,0,0,2,1,1,0,1,2,2,2,0,1,0,0,0,0,0,0,0,0,34,0.0,5,9,0
818,6,1.0,1.0,0,2,0,1,0,0,2,0,2,2,0,0,1,2,0,2,2,2,0,0,0,0,0,0,0,0,27,0.0,7,7,2
819,6,1.0,1.0,0,0,0,0,0,3,2,0,0,0,0,0,1,0,0,2,1,2,2,0,2,2,0,0,0,2,30,0.0,7,9,2
820,2,1.0,1.0,1,1,1,1,1,1,0,0,1,1,1,0,1,1,0,0,0,3,1,1,1,2,0,0,2,2,40,0.0,7,9,2
821,3,0.0,0.0,0,2,0,0,0,5,0,0,2,1,1,0,1,2,0,1,0,2,1,1,1,1,0,0,0,1,35,0.0,7,9,1
822,6,0.0,0.0,1,0,0,1,0,2,2,0,0,2,1,0,1,0,2,1,1,0,0,0,0,0,0,0,0,0,43,1.0,7,9,0
823,3,0.0,0.0,0,2,0,0,0,4,2,2,2,2,0,0,1,0,0,1,2,2,1,0,1,1,1,1,0,1,36,1.0,7,9,2
824,4,0.0,0.0,1,1,0,1,1,0,1,0,2,1,0,0,1,2,2,1,2,0,2,0,0,0,0,0,0,0,32,1.0,7,8,2
825,6,1.0,1.0,0,2,0,0,0,5,1,0,0,0,0,1,1,2,0,1,1,0,1,1,1,1,1,1,2,1,38,0.0,7,9,0
826,6,0.0,0.0,1,2,0,1,0,2,2,0,1,2,0,0,1,2,0,2,2,2,1,0,1,2,0,1,0,2,35,0.0,7,1,1
827,4,1.0,1.0,0,2,0,0,0,3,2,2,2,2,0,0,1,2,0,1,1,1,2,1,1,1,1,1,0,2,35,1.0,6,9,2
828,6,1.0,1.0,1,2,0,0,0,5,1,2,2,2,0,0,1,0,0,1,1,2,1,1,0,1,1,1,1,1,45,0.0,7,1,1
829,4,1.0,1.0,0,2,0,0,0,2,2,0,2,2,0,0,1,2,2,2,0,2,0,1,0,0,0,0,0,0,27,0.0,7,5,2
830,3,1.0,1.0,0,0,0,0,0,3,2,2,0,0,0,0,1,2,0,2,2,1,0,1,1,0,1,1,2,1,26,0.0,7,5,2
831,3,1.0,1.0,0,0,0,0,0,5,1,0,0,0,0,0,0,2,0,1,1,2,1,1,1,1,1,1,1,0,25,0.0,7,9,2
832,4,1.0,1.0,0,2,0,0,0,0,1,2,0,0,0,0,1,0,0,1,2,2,1,0,2,2,0,0,0,0,41,0.0,7,9,2
833,6,0.0,0.0,1,1,0,1,0,2,2,0,1,1,0,1,0,2,2,2,2,0,2,0,0,0,0,0,0,0,34,0.0,7,5,2
834,4,1.0,1.0,0,2,0,0,0,5,2,0,1,0,0,0,1,1,0,2,2,2,2,1,0,0,0,0,0,0,43,0.0,7,9,0
835,3,1.0,1.0,0,0,0,0,0,4,1,0,2,1,0,0,1,1,0,1,1,2,0,1,1,1,1,0,0,1,33,0.0,7,9,0
836,3,1.0,1.0,0,2,0,0,0,5,1,0,0,0,0,0,0,2,0,1,1,2,2,1,1,1,1,1,0,1,27,1.0,7,9,0
837,6,0.0,0.0,0,2,0,0,0,1,0,0,0,0,1,0,1,2,2,1,1,2,1,1,0,0,0,0,0,1,38,0.0,7,9,0
838,6,1.0,1.0,0,0,0,0,0,0,2,2,1,2,1,0,1,0,0,2,2,1,0,0,1,0,1,1,2,1,42,0.0,4,9,2
839,3,1.0,1.0,1,2,0,0,0,0,2,0,2,2,0,0,1,2,2,0,0,2,0,0,2,0,0,0,0,0,30,0.0,7,9,2
840,5,1.0,1.0,1,2,1,1,1,2,2,2,2,1,1,0,1,2,0,2,2,2,2,1,1,0,1,1,0,0,43,0.0,6,9,2
841,1,1.0,1.0,0,2,0,0,0,2,0,0,1,1,1,0,1,0,0,1,2,0,1,1,0,0,0,0,0,0,37,1.0,6,9,1
842,4,1.0,1.0,1,2,0,1,0,4,2,2,0,2,0,0,1,2,0,1,2,2,2,0,1,1,1,1,0,1,25,0.0,7,3,2
843,6,1.0,1.0,0,2,1,1,0,4,1,0,0,0,0,0,1,0,0,1,1,2,0,1,1,1,1,1,0,1,27,0.0,6,9,2
844,6,0.0,0.0,1,0,0,1,1,0,1,1,0,0,0,0,0,0,0,1,1,0,2,0,1,1,1,1,2,1,27,0.0,7,4,0
845,2,1.0,1.0,0,2,0,0,0,0,2,0,2,2,0,0,1,1,0,2,2,2,2,0,1,2,0,0,2,1,24,0.0,7,9,0
846,4,1.0,1.0,0,2,1,0,0,4,2,0,0,0,0,0,1,0,0,1,2,2,1,1,1,1,1,1,0,1,31,0.0,7,9,0
847,3,1.0,1.0,0,2,0,0,1,2,0,0,2,2,1,0,1,0,0,2,2,2,0,0,2,2,0,0,2,2,31,0.0,4,9,2
848,6,1.0,1.0,1,0,1,0,1,2,2,0,1,1,1,0,0,0,0,1,1,2,0,0,0,0,0,1,2,2,32,0.0,7,1,2
849,6,1.0,1.0,0,0,1,0,0,1,2,0,0,2,1,0,1,2,0,1,1,2,0,0,1,1,1,1,0,1,33,0.0,6,9,2
850,6,1.0,1.0,1,2,0,0,0,4,1,1,2,0,0,0,1,0,0,1,1,2,1,1,1,2,0,1,2,1,43,0.0,7,1,2
851,6,1.0,1.0,1,2,1,1,1,1,0,0,2,1,0,0,1,2,2,2,0,2,1,0,1,1,1,1,0,2,49,0.0,6,9,2
852,3,1.0,1.0,0,2,0,0,0,3,2,0,2,1,1,0,1,1,1,1,2,3,1,0,2,0,0,1,2,2,35,0.0,7,9,2
853,6,1.0,1.0,1,1,0,1,1,5,1,1,1,0,0,0,1,1,0,1,0,1,0,0,1,0,1,1,2,1,53,0.0,3,9,2
854,4,1.0,1.0,0,2,0,0,0,0,0,0,0,2,1,0,1,0,0,2,0,2,2,1,1,1,1,1,0,2,45,0.0,7,3,0
855,4,1.0,1.0,1,0,0,1,0,5,1,2,0,0,0,0,1,2,0,1,1,2,0,0,0,2,0,1,0,2,40,0.0,7,2,2
856,6,0.0,0.0,0,2,1,1,1,0,1,2,0,2,0,0,1,0,0,1,1,2,1,1,1,0,0,1,2,1,52,0.0,7,2,2
857,6,1.0,1.0,1,1,0,0,1,0,2,0,2,2,0,0,1,0,0,2,0,3,0,0,1,0,1,0,0,2,41,0.0,7,9,1
858,4,1.0,1.0,0,2,1,0,0,2,0,0,2,2,1,0,1,1,2,2,2,2,2,0,0,2,0,1,0,0,31,0.0,7,9,2
859,4,1.0,1.0,0,2,0,0,0,2,2,0,0,2,0,1,1,2,0,1,2,2,1,1,1,2,1,1,0,2,44,0.0,6,9,2
860,6,1.0,1.0,1,0,0,0,0,5,2,0,2,2,0,0,1,2,0,1,1,2,2,1,1,1,1,1,0,2,37,0.0,7,6,2
861,2,0.0,0.0,0,2,0,0,0,4,2,1,0,0,0,0,1,1,2,1,0,2,0,1,0,1,1,0,0,1,22,0.0,7,9,1
862,3,1.0,1.0,1,1,1,0,0,2,2,0,0,2,1,0,1,2,0,1,1,2,1,1,1,1,1,1,0,1,31,1.0,7,3,2
863,3,1.0,1.0,0,2,0,0,0,0,1,2,0,0,0,0,1,0,0,1,1,0,1,0,0,2,0,0,0,0,36,1.0,7,9,2
864,5,0.0,0.0,0,0,0,0,0,2,2,2,0,2,0,0,1,2,2,0,0,1,0,1,0,0,0,0,0,0,25,1.0,7,5,2
865,1,1.0,1.0,0,2,0,0,0,1,0,0,1,1,1,0,1,2,0,0,0,1,0,1,1,1,1,1,0,1,22,1.0,7,2,1
866,5,1.0,1.0,1,1,0,1,0,5,1,2,0,0,0,0,1,0,0,1,1,2,0,0,1,2,1,1,2,2,36,1.0,7,3,2
867,3,1.0,1.0,1,2,0,0,0,5,1,1,0,0,0,1,1,0,0,1,1,2,2,1,1,1,1,1,0,2,26,1.0,7,1,2
868,6,0.0,0.0,1,2,0,1,0,2,0,0,2,1,0,0,1,2,2,1,2,2,1,1,1,1,1,1,2,1,43,0.0,7,3,2
869,6,1.0,1.0,0,2,0,0,0,3,2,2,0,1,0,0,1,0,0,1,2,3,1,1,1,0,1,0,0,0,39,0.0,6,9,2
870,6,0.0,0.0,1,2,1,0,0,3,2,0,1,2,0,0,1,1,0,2,2,2,2,0,1,1,1,1,0,1,46,0.0,7,9,2
871,1,1.0,1.0,0,0,0,0,0,4,1,0,2,2,1,0,1,0,0,2,2,2,0,1,1,0,0,0,2,1,32,0.0,7,9,2
872,4,1.0,1.0,0,2,0,0,0,3,2,2,0,2,0,0,1,2,0,1,1,2,2,0,2,2,1,1,0,2,44,0.0,7,9,2
873,6,0.0,0.0,1,2,0,1,1,3,1,2,0,0,1,0,1,1,0,1,2,3,0,1,1,1,1,1,2,1,36,0.0,7,1,0
874,6,0.0,0.0,0,2,1,1,0,1,0,0,2,1,1,0,1,0,0,0,0,0,0,0,0,0,0,0,0,0,31,1.0,7,9,0
875,4,1.0,1.0,1,2,0,1,1,5,1,1,2,0,0,0,1,0,0,1,1,2,2,1,1,1,1,1,0,1,36,0.0,7,7,2
876,1,1.0,1.0,0,2,0,0,1,4,0,0,0,0,0,0,1,0,0,1,1,0,2,0,0,0,0,0,0,0,23,0.0,3,9,0
877,3,1.0,1.0,1,2,0,0,1,2,2,0,0,0,0,0,1,2,0,2,2,3,2,0,0,1,1,0,2,2,23,0.0,3,9,1
878,2,1.0,1.0,0,2,0,0,0,1,0,0,1,1,1,0,1,1,2,2,2,2,0,0,0,0,0,0,0,0,49,1.0,7,8,2
879,2,1.0,1.0,0,2,0,0,0,4,2,0,2,0,0,0,1,0,0,1,0,0,2,0,0,2,0,0,0,0,25,0.0,7,9,0
880,2,0.0,0.0,0,0,0,0,0,5,2,0,2,2,0,0,1,1,2,2,2,1,1,0,2,2,0,0,2,2,39,0.0,7,9,2
881,6,1.0,1.0,0,2,1,1,1,2,1,1,0,0,1,0,1,0,0,1,1,2,2,0,0,0,0,0,0,1,37,0.0,4,9,0
882,3,1.0,1.0,0,0,0,0,0,2,0,0,1,1,0,0,1,1,1,2,2,0,0,0,0,0,0,0,0,0,26,0.0,7,1,2
883,4,1.0,1.0,0,1,0,0,0,3,2,0,2,0,0,0,1,1,2,2,2,2,2,1,1,1,1,1,0,1,41,0.0,7,6,2
884,2,1.0,1.0,0,2,0,0,0,1,0,0,2,1,0,0,0,1,2,0,2,2,0,0,0,0,0,0,0,0,28,0.0,5,9,0
885,4,1.0,1.0,0,2,0,0,1,3,2,0,2,2,0,0,1,2,0,0,2,2,0,0,1,2,1,1,0,1,33,0.0,7,9,2
886,4,0.0,0.0,0,0,1,0,1,4,1,2,1,1,0,1,1,2,2,2,2,2,1,0,0,0,0,1,1,1,74,1.0,7,1,2
887,4,0.0,0.0,0,2,1,1,0,1,2,0,0,1,1,0,1,2,2,2,0,1,0,1,1,1,1,1,1,1,28,0.0,5,9,2
888,2,1.0,1.0,0,1,0,0,0,3,1,2,0,0,0,1,1,0,0,1,1,2,1,1,1,1,1,1,1,1,47,0.0,7,5,2
889,4,0.0,0.0,0,2,0,0,0,4,1,0,0,2,0,0,0,1,2,1,1,2,0,0,0,2,0,0,0,0,25,0.0,7,9,0
890,4,0.0,0.0,1,1,1,1,1,1,0,2,2,1,0,1,1,0,0,2,2,2,0,1,1,0,1,1,0,2,51,0.0,7,2,0
891,6,1.0,1.0,1,1,0,0,0,4,1,2,0,0,0,0,1,0,0,1,1,2,2,0,1,1,1,1,2,1,26,0.0,7,1,0
892,3,1.0,1.0,1,1,0,0,0,3,1,2,2,0,0,0,0,2,2,2,0,2,2,1,2,2,0,0,0,1,24,0.0,7,2,0
893,3,1.0,1.0,1,1,0,0,0,0,1,0,0,0,0,0,1,0,0,2,1,2,0,1,1,1,1,1,2,1,32,1.0,7,3,2
894,2,1.0,1.0,1,0,0,0,1,5,1,2,0,0,0,0,1,0,0,1,1,2,0,0,0,0,0,0,0,0,57,0.0,7,3,1
895,6,0.0,0.0,1,1,0,0,0,2,0,0,2,1,1,0,1,0,0,1,2,1,2,1,1,1,1,1,0,2,39,0.0,7,3,0
896,2,1.0,1.0,0,2,0,0,0,4,2,0,0,2,0,0,1,2,0,2,2,2,1,1,1,1,1,1,0,1,26,1.0,7,5,2
897,4,0.0,0.0,0,0,0,1,1,0,1,2,0,0,0,0,1,0,0,1,1,0,2,1,2,2,0,0,0,2,38,0.0,7,5,2
898,1,1.0,1.0,1,0,0,0,0,5,2,0,1,2,1,0,1,1,0,1,1,2,2,1,1,0,1,0,0,2,33,0.0,7,9,2
899,2,1.0,1.0,1,1,0,0,1,0,2,0,0,2,0,0,1,1,0,2,2,2,0,1,2,2,0,0,0,2,30,0.0,7,2,2
900,4,1.0,1.0,0,2,0,0,0,4,2,0,2,2,0,0,1,2,0,1,2,2,1,1,1,1,1,1,1,1,25,1.0,7,5,2
901,3,1.0,1.0,1,1,0,0,1,3,2,0,1,1,0,0,1,0,0,1,1,2,1,1,1,1,1,1,0,2,40,0.0,7,6,2
902,6,0.0,0.0,1,1,0,1,1,2,2,2,1,1,1,0,1,2,0,2,2,2,2,1,1,1,1,1,2,1,26,1.0,7,5,2
903,6,0.0,0.0,1,1,1,1,0,3,2,0,1,2,0,0,1,1,0,1,2,1,1,1,1,1,1,1,0,1,34,0.0,7,5,0
904,6,0.0,0.0,1,1,1,1,0,0,1,2,0,0,0,0,1,2,0,1,1,2,2,1,1,2,1,1,0,2,46,1.0,7,6,2
905,6,0.0,0.0,0,2,0,0,0,5,1,2,0,0,0,0,1,0,0,1,2,2,1,1,1,1,1,1,0,1,31,1.0,7,2,2
906,6,1.0,1.0,0,0,0,0,0,0,2,0,1,1,0,0,1,1,1,1,2,1,2,0,0,0,0,0,0,0,30,0.0,7,6,2
907,1,1.0,1.0,0,2,0,0,0,4,2,0,2,2,0,0,1,2,0,2,2,2,2,0,1,2,1,1,2,2,29,0.0,7,9,0
908,4,1.0,1.0,1,1,0,0,0,1,0,0,1,1,1,0,1,2,2,0,0,1,0,1,1,1,1,1,0,1,31,0.0,7,1,0
909,3,1.0,1.0,0,2,0,0,0,2,0,0,1,1,0,0,1,0,0,2,2,2,0,0,1,0,1,1,2,2,40,0.0,7,2,1
910,3,1.0,1.0,1,2,0,0,0,1,2,0,1,1,0,0,1,2,2,2,2,1,2,0,2,1,1,1,2,1,39,0.0,7,4,1
911,3,1.0,1.0,1,0,0,0,0,1,2,0,2,2,1,0,1,0,0,1,1,0,1,0,0,2,0,0,0,0,37,0.0,7,6,2
912,3,1.0,1.0,0,2,0,1,0,1,2,0,1,1,1,0,1,2,2,2,2,2,0,0,0,0,0,0,0,0,27,0.0,7,3,1
913,3,1.0,1.0,0,0,0,0,0,4,2,2,0,0,0,0,1,0,0,1,1,0,2,0,0,0,0,0,0,0,45,0.0,7,4,1
914,3,1.0,1.0,0,0,0,0,1,1,2,0,2,2,0,0,0,0,0,2,2,1,0,1,0,0,0,0,0,0,29,0.0,7,6,2
915,3,1.0,1.0,1,0,0,1,1,1,0,0,1,1,1,0,1,0,0,0,0,3,0,0,0,0,0,0,0,0,47,1.0,7,6,2
916,4,1.0,1.0,0,0,0,0,1,1,0,0,1,1,1,0,1,2,2,0,2,2,2,0,0,0,0,0,0,0,33,0.0,7,5,1
917,3,1.0,1.0,0,0,0,0,1,0,2,2,0,0,0,0,1,0,0,1,2,0,0,0,0,0,0,0,0,0,32,0.0,7,7,1
918,3,1.0,1.0,0,0,0,0,0,1,0,0,1,1,1,0,1,1,2,2,2,1,2,0,0,0,0,0,0,0,29,0.0,7,6,2
919,3,1.0,1.0,1,2,0,0,1,2,0,0,2,2,0,0,1,1,2,0,2,2,2,1,1,1,1,1,2,1,36,0.0,7,6,2
920,2,1.0,1.0,0,2,0,0,0,4,1,0,0,0,0,0,1,0,0,1,1,0,0,0,0,0,0,0,0,0,35,1.0,7,5,0
921,3,1.0,1.0,1,0,0,0,0,1,2,0,2,1,1,0,1,0,0,2,2,2,2,1,2,0,0,0,0,2,40,0.0,7,7,1
922,3,1.0,1.0,1,2,0,0,0,5,2,0,0,0,0,0,1,2,0,1,2,2,0,1,1,1,1,1,1,1,36,0.0,7,3,1
923,6,0.0,0.0,0,0,0,1,0,0,1,2,0,0,0,0,1,0,0,1,1,2,0,0,2,0,0,1,0,0,39,1.0,7,5,2
924,3,1.0,1.0,1,0,0,1,1,2,0,0,2,1,1,0,1,0,0,2,0,0,1,0,0,2,0,0,0,0,38,0.0,7,7,1
925,1,1.0,1.0,0,2,1,0,1,1,0,0,1,1,1,0,1,1,2,2,0,1,0,0,2,2,1,1,0,2,23,0.0,7,5,2
926,5,0.0,0.0,0,0,0,0,0,3,1,2,0,0,0,0,1,0,0,1,1,2,1,1,0,0,0,0,0,0,29,0.0,7,5,2
927,4,1.0,1.0,0,0,0,0,0,1,0,0,2,2,1,0,1,1,1,0,0,0,0,0,0,0,0,0,0,0,38,0.0,7,6,1
928,6,0.0,0.0,1,1,0,0,0,5,2,0,2,2,0,0,1,0,0,1,1,3,1,1,1,1,1,1,0,1,34,1.0,7,2,2
929,6,1.0,1.0,0,2,0,0,0,1,2,2,0,0,0,0,1,0,0,1,1,3,0,1,1,1,1,1,2,2,28,0.0,7,9,0
930,2,1.0,1.0,0,2,0,0,1,1,0,0,1,1,1,0,1,1,1,1,0,1,1,1,1,1,1,1,1,1,38,0.0,7,9,2
931,3,1.0,1.0,1,1,1,1,1,5,1,2,0,0,0,0,1,0,0,1,2,2,2,0,2,2,0,1,0,2,25,1.0,7,3,0
932,6,0.0,0.0,1,1,1,1,1,2,0,0,1,1,1,0,1,1,2,0,0,1,0,1,1,1,1,1,2,2,36,1.0,7,6,2
933,6,1.0,1.0,0,2,0,0,0,5,1,1,0,0,0,1,1,0,0,1,1,2,1,1,1,1,1,1,2,2,57,1.0,7,5,2
934,6,0.0,0.0,0,0,0,0,0,5,2,0,0,0,0,0,1,0,0,1,1,1,2,1,1,0,1,1,0,2,46,0.0,7,9,2
935,6,1.0,1.0,1,1,0,1,0,5,1,0,0,0,0,0,1,2,0,1,1,2,1,1,1,1,1,1,0,1,49,0.0,7,1,0
936,6,1.0,1.0,0,0,0,0,1,3,2,0,0,2,0,0,1,2,0,1,1,2,2,0,1,0,1,1,2,2,34,0.0,7,3,0
937,3,1.0,1.0,0,0,0,0,1,1,0,0,2,1,1,0,1,2,2,2,0,2,1,0,0,0,0,0,0,0,43,0.0,7,9,2
938,6,0.0,0.0,0,2,1,0,0,1,0,0,0,0,1,0,0,0,0,0,2,0,0,0,0,1,0,1,0,1,24,0.0,7,9,2
939,6,0.0,0.0,1,1,0,0,0,5,2,2,2,2,0,0,1,0,0,2,2,2,2,1,1,1,1,1,0,2,33,0.0,7,1,2
940,1,1.0,1.0,0,0,0,0,1,2,0,0,1,1,1,0,1,1,2,0,0,2,0,1,0,2,0,0,0,0,28,0.0,7,9,0
941,6,1.0,1.0,1,2,0,1,1,2,2,2,2,1,0,0,0,0,0,1,1,2,0,1,0,2,1,0,0,1,48,0.0,4,9,2
942,3,1.0,1.0,1,1,0,0,0,5,1,1,2,2,1,0,1,2,2,2,1,2,1,0,1,1,1,1,2,1,33,1.0,7,8,1
943,4,1.0,1.0,0,2,0,0,0,1,0,0,0,2,1,0,0,2,0,1,2,0,0,0,0,0,0,0,0,0,40,0.0,7,2,0
944,4,1.0,1.0,0,0,0,0,0,4,1,2,0,0,0,0,1,2,0,1,1,2,1,1,1,1,1,1,2,1,22,1.0,7,4,0
945,4,1.0,1.0,1,1,1,1,1,2,2,0,2,0,0,0,0,0,0,1,2,3,1,0,1,1,1,1,0,1,23,1.0,7,7,2
946,6,0.0,0.0,0,2,0,0,0,2,0,0,1,2,1,0,0,2,0,0,0,1,2,1,1,0,1,1,0,1,33,0.0,4,9,0
947,2,1.0,1.0,0,2,0,0,0,5,1,0,2,0,0,0,0,1,2,1,0,2,0,0,1,2,1,1,2,2,29,0.0,5,9,0
948,6,1.0,1.0,1,0,0,0,0,3,0,0,1,2,0,0,1,2,2,0,0,2,0,0,0,1,1,1,0,1,32,0.0,7,7,1
949,3,1.0,1.0,1,1,0,0,0,4,1,0,0,0,0,0,1,0,0,1,2,1,2,1,1,1,1,1,2,1,43,0.0,7,3,2
950,6,0.0,0.0,1,0,1,1,0,1,0,0,1,1,1,0,0,2,2,2,0,2,0,1,1,1,0,1,0,1,49,0.0,7,6,2
951,6,0.0,0.0,0,0,0,0,0,1,0,0,2,1,0,0,1,1,2,2,0,2,0,0,0,0,0,0,0,0,44,0.0,7,9,1
952,3,1.0,1.0,0,0,0,0,0,4,1,2,0,2,0,0,1,2,0,1,1,2,0,1,0,0,0,0,0,0,27,0.0,3,9,0
953,2,0.0,0.0,0,2,0,0,0,5,1,0,2,2,0,0,1,1,2,1,1,2,2,0,0,2,0,0,0,2,30,0.0,7,6,0
954,1,1.0,1.0,0,2,0,0,0,5,0,2,2,1,0,0,1,0,0,1,1,2,2,1,0,0,0,0,0,0,43,1.0,7,1,2
955,3,1.0,1.0,1,1,0,0,0,0,2,0,0,2,0,0,1,1,0,1,1,2,1,0,1,1,1,1,0,1,30,1.0,7,6,2
956,3,0.0,0.0,1,0,0,1,0,4,2,2,2,1,0,0,1,2,0,2,1,2,2,1,1,1,1,1,0,2,33,1.0,7,2,2
957,2,1.0,1.0,0,0,1,0,1,4,1,1,0,0,0,1,1,2,0,1,2,2,1,1,1,1,0,1,2,1,26,1.0,7,6,0
958,4,0.0,0.0,0,1,1,1,0,4,1,2,0,1,1,0,1,2,0,1,1,2,0,1,1,0,1,1,0,1,47,0.0,7,9,2
959,2,1.0,1.0,0,2,0,0,0,3,2,0,0,0,0,0,1,2,0,0,0,2,2,0,1,1,0,0,0,2,30,0.0,7,6,0
960,2,1.0,1.0,0,0,0,0,0,4,2,0,0,2,0,0,1,2,2,2,1,2,0,1,0,0,0,0,0,0,39,0.0,7,7,0
961,4,1.0,1.0,0,2,0,0,0,2,2,2,2,0,0,0,1,2,0,1,2,2,2,0,2,2,0,0,0,2,36,0.0,7,1,0
962,2,1.0,1.0,0,0,0,0,0,1,0,0,2,2,1,0,1,2,2,0,0,1,0,1,1,0,0,1,0,0,34,0.0,7,9,1
963,3,1.0,1.0,1,0,0,0,0,5,2,0,0,0,0,0,1,2,2,2,2,2,0,1,1,1,1,1,2,1,25,1.0,7,6,0
964,3,0.0,0.0,0,0,1,1,0,4,2,0,2,0,1,0,1,2,2,2,2,2,0,1,0,0,0,0,0,0,28,0.0,7,9,2
965,6,1.0,1.0,1,1,0,0,0,2,0,0,1,1,1,0,1,0,0,2,2,1,0,1,1,1,1,1,0,1,38,0.0,7,5,2
966,4,1.0,1.0,1,0,0,0,1,2,0,0,2,1,1,0,1,1,2,0,2,2,0,0,0,0,0,0,0,0,39,0.0,7,2,1
967,2,0.0,0.0,0,2,0,0,0,4,2,0,2,2,0,0,1,2,0,1,1,2,2,0,2,2,0,0,0,2,32,0.0,7,6,0
968,3,0.0,0.0,0,2,0,0,0,4,2,0,0,2,0,0,1,1,0,1,2,1,2,1,1,1,0,1,0,1,27,1.0,7,2,0
969,5,1.0,1.0,1,1,0,0,0,4,2,0,2,2,0,0,1,2,0,1,2,1,1,1,1,1,1,1,2,2,31,1.0,7,2,2
970,3,1.0,1.0,0,0,0,0,0,3,0,0,0,0,0,0,1,0,0,1,2,2,1,0,1,2,0,0,0,2,30,1.0,7,9,0
971,3,1.0,1.0,0,0,0,0,0,0,2,0,0,2,0,0,1,2,0,1,2,1,2,1,2,2,0,0,0,1,26,0.0,7,5,1
972,4,1.0,1.0,1,2,0,1,0,2,2,2,2,0,0,1,1,0,0,1,2,1,1,0,1,0,1,1,0,2,27,1.0,7,9,1
973,3,1.0,1.0,0,0,0,0,0,4,0,0,2,2,0,0,1,2,0,2,0,2,2,0,1,1,0,1,0,1,29,0.0,7,6,0
974,6,0.0,0.0,0,0,1,1,0,2,2,2,0,0,1,0,1,0,0,1,1,3,0,0,0,0,0,0,0,0,39,0.0,7,2,2
975,5,1.0,1.0,1,1,0,0,1,3,2,2,2,0,0,0,1,0,0,1,2,2,1,0,1,1,1,1,2,1,28,0.0,7,2,2
976,3,1.0,1.0,1,1,0,0,1,3,0,0,1,1,0,0,1,2,0,0,0,1,0,0,1,1,1,1,0,0,70,0.0,7,1,1
977,2,1.0,1.0,0,2,0,0,0,3,2,0,0,2,1,0,1,1,0,1,2,2,0,1,2,2,1,1,2,2,25,0.0,4,9,2
978,3,1.0,1.0,0,2,0,0,0,3,0,2,1,1,1,0,1,1,1,0,0,1,0,0,1,1,1,1,0,1,45,0.0,7,9,2
979,6,0.0,0.0,1,1,0,1,1,3,0,0,1,1,0,0,1,0,0,0,0,1,2,0,1,1,1,1,0,0,63,1.0,7,3,0
980,3,1.0,1.0,1,1,1,1,1,4,0,0,2,2,0,0,1,0,0,0,2,2,0,1,2,1,0,1,2,2,40,0.0,7,5,1
981,3,1.0,1.0,1,1,0,0,0,1,2,0,2,2,1,0,1,0,0,1,2,1,2,1,1,1,1,1,0,1,39,0.0,7,8,2
982,2,1.0,1.0,1,0,0,0,0,2,0,0,2,2,1,0,1,0,2,2,0,2,1,1,1,1,1,1,2,1,31,1.0,7,6,1
983,3,1.0,1.0,0,2,0,0,0,5,1,1,0,0,0,0,1,0,0,1,1,0,1,0,1,1,0,0,0,2,34,0.0,7,1,0
984,5,1.0,1.0,0,0,1,0,0,2,2,2,2,1,0,0,1,0,0,2,2,2,0,0,0,2,0,0,2,2,45,0.0,7,9,1
985,4,0.0,0.0,1,1,0,0,1,1,0,0,1,1,1,0,1,1,1,0,0,1,0,1,1,1,1,1,0,1,43,0.0,7,4,2
986,3,1.0,1.0,1,1,0,0,1,2,2,0,2,1,1,0,1,2,2,2,2,2,0,1,0,0,0,0,0,0,29,0.0,7,3,1
987,4,1.0,1.0,1,1,0,0,1,2,2,2,2,1,0,0,1,2,0,1,1,1,1,1,1,1,1,1,0,1,27,0.0,7,4,1
988,4,1.0,1.0,1,1,0,1,1,4,2,2,2,1,1,0,1,1,2,2,0,2,2,1,1,1,1,1,2,1,37,0.0,7,4,1
989,4,1.0,1.0,1,1,0,0,0,0,1,0,2,2,0,0,1,2,0,2,1,2,1,1,1,1,1,1,2,1,41,0.0,7,6,1
990,3,1.0,1.0,1,1,0,0,0,3,0,0,0,0,0,0,1,2,0,2,2,2,0,1,1,1,1,1,0,1,30,1.0,7,1,2
991,3,1.0,1.0,1,2,0,0,0,4,2,0,0,2,0,0,0,1,2,2,1,2,2,1,1,1,1,1,0,2,28,0.0,7,3,2
992,6,1.0,1.0,0,2,0,0,0,0,2,0,2,0,0,0,0,2,0,1,1,0,2,0,0,0,0,0,0,0,28,0.0,7,7,2
993,2,1.0,1.0,0,2,0,0,0,5,2,0,0,0,0,0,1,2,0,2,0,0,1,1,1,1,0,1,0,2,22,0.0,7,9,2
994,3,1.0,1.0,1,0,0,0,0,1,0,0,2,1,1,0,1,2,2,2,0,2,2,0,0,0,0,0,0,0,31,0.0,7,2,2
995,3,1.0,1.0,0,2,0,0,0,4,2,2,0,0,0,0,1,1,0,2,2,0,2,0,0,0,0,0,0,0,29,0.0,7,9,0
996,4,1.0,1.0,0,0,0,0,0,2,2,2,0,0,0,0,1,0,0,1,1,0,2,0,2,2,0,0,0,2,33,0.0,7,9,0
997,4,1.0,1.0,0,0,0,0,0,1,2,0,2,2,0,0,1,0,0,1,1,1,1,0,0,0,0,1,2,0,37,0.0,4,9,2
998,4,1.0,1.0,0,2,0,0,0,0,0,0,2,2,1,0,1,1,2,2,2,2,0,0,0,2,0,0,0,0,42,0.0,7,4,1
999,2,1.0,1.0,0,0,0,0,1,2,1,1,1,1,0,0,1,0,0,1,2,2,1,1,1,1,1,1,1,1,31,0.0,7,9,0
1000,3,1.0,1.0,1,1,1,1,0,0,2,2,2,2,1,0,1,2,2,1,1,2,2,1,2,2,0,0,0,2,29,0.0,3,9,0
1001,6,1.0,1.0,1,1,0,0,0,1,0,0,2,2,0,0,1,2,2,0,0,2,0,0,1,1,1,1,2,1,40,0.0,7,5,2
1002,3,1.0,1.0,0,0,0,0,1,2,2,2,2,1,1,0,1,2,2,2,0,1,0,1,1,1,1,1,2,2,46,1.0,5,9,2
1003,4,0.0,0.0,1,0,1,0,1,1,0,0,2,1,1,0,1,1,2,2,0,2,0,0,2,2,0,0,2,2,43,0.0,7,9,2
1004,2,1.0,1.0,0,0,0,0,0,0,1,0,0,0,0,1,1,0,0,1,1,0,1,0,2,2,0,0,0,0,32,0.0,7,9,2
1005,6,1.0,1.0,1,1,0,1,0,1,2,0,2,0,0,0,1,1,0,1,1,2,0,1,1,1,1,1,0,1,40,0.0,5,9,2
1006,3,0.0,0.0,0,2,0,0,0,3,0,0,2,2,0,0,1,2,2,2,0,2,2,0,1,1,1,1,2,1,38,0.0,4,9,0
1007,4,1.0,1.0,0,2,0,0,0,5,2,0,2,2,0,0,1,2,0,1,2,2,1,0,1,1,1,1,2,1,32,0.0,7,9,0
1008,6,0.0,0.0,0,2,0,0,0,4,1,2,0,0,0,0,0,2,2,1,1,2,2,0,1,2,0,0,2,2,37,0.0,7,9,2
1009,2,1.0,1.0,0,0,0,0,0,1,0,0,2,1,1,0,1,1,1,2,0,0,2,1,0,0,0,0,0,0,24,0.0,7,6,2
1010,6,0.0,0.0,0,2,0,0,0,5,1,0,0,0,0,0,1,2,0,2,2,2,2,1,0,0,0,1,0,0,34,1.0,7,2,2
1011,4,0.0,0.0,1,1,0,1,0,3,0,0,2,2,0,0,1,1,0,2,2,2,0,1,1,1,1,1,0,1,32,0.0,7,6,2
1012,1,1.0,1.0,0,2,0,0,0,1,2,2,0,0,0,1,1,0,0,2,0,3,0,0,0,0,0,0,0,0,29,0.0,7,9,0
1013,6,1.0,1.0,0,0,0,0,0,1,0,0,2,2,0,0,0,0,0,0,0,2,0,0,0,0,0,0,0,0,20,0.0,7,2,2
1014,6,0.0,0.0,1,1,1,0,1,4,2,0,2,1,0,0,1,1,2,2,2,2,0,1,2,2,0,0,0,0,41,0.0,7,1,2
1015,2,1.0,1.0,1,1,1,1,1,1,0,0,1,1,1,0,1,2,0,0,2,2,0,1,1,1,1,1,0,2,33,1.0,7,1,2
1016,3,1.0,1.0,0,0,0,0,0,2,0,0,2,1,1,0,1,1,0,1,0,1,0,1,1,2,1,1,1,1,25,0.0,7,1,2
1017,6,1.0,1.0,1,2,1,0,1,4,1,0,1,1,0,1,1,1,0,2,0,1,1,1,1,1,1,1,2,1,24,0.0,7,1,2
1018,4,1.0,1.0,0,2,0,0,0,0,0,0,1,1,0,0,1,0,0,2,0,2,0,0,1,1,1,0,0,0,39,0.0,7,5,2
1019,5,0.0,0.0,1,1,1,1,1,2,2,0,0,0,1,0,1,1,0,1,1,2,0,1,0,0,0,0,0,0,39,0.0,7,9,2
1020,2,1.0,1.0,0,2,0,0,0,2,2,2,1,1,0,0,1,2,2,2,2,3,0,1,0,0,0,0,0,0,31,0.0,7,9,2
1021,1,1.0,1.0,0,2,1,1,1,1,0,0,1,1,1,0,1,1,2,1,1,2,1,1,1,1,1,1,2,1,37,0.0,7,9,1
1022,2,1.0,1.0,0,2,0,0,0,4,2,0,2,2,0,0,1,1,0,1,0,1,1,1,1,1,1,1,2,0,42,0.0,7,9,2
1023,3,0.0,0.0,0,2,0,0,0,0,2,0,0,2,0,0,1,0,0,1,2,2,2,1,1,0,1,1,0,2,30,0.0,7,3,0
1024,6,1.0,1.0,1,0,0,0,0,0,0,0,0,0,0,0,1,0,0,1,1,2,2,0,0,0,0,0,0,0,30,0.0,3,9,1
1025,3,1.0,1.0,1,0,0,0,0,5,1,0,2,0,0,0,1,1,0,1,1,2,1,1,1,1,0,1,0,0,33,0.0,7,5,2
1026,6,0.0,0.0,0,2,0,0,0,3,2,2,2,0,0,0,1,1,1,2,2,1,1,0,0,2,0,1,0,0,31,0.0,7,5,0
1027,6,0.0,0.0,1,1,0,0,1,4,1,1,0,0,0,0,1,0,0,1,1,2,1,1,1,1,1,1,2,1,39,1.0,7,2,2
1028,3,0.0,0.0,0,0,0,0,1,0,0,0,1,1,1,0,1,2,2,1,0,2,0,0,0,0,0,0,2,1,27,0.0,4,9,0
1029,2,1.0,1.0,0,2,0,0,0,0,2,2,0,0,0,0,1,1,1,2,2,2,0,0,0,0,0,0,0,0,31,0.0,7,8,2
1030,6,1.0,1.0,1,1,0,0,0,5,2,0,2,0,0,0,1,2,0,2,2,1,0,1,1,1,1,1,2,1,30,1.0,7,1,1
1031,3,1.0,1.0,1,0,1,0,1,1,0,0,2,1,1,0,1,2,0,1,2,2,2,1,1,1,1,1,0,2,34,0.0,7,5,2
1032,2,1.0,1.0,0,2,0,0,0,3,2,0,2,0,0,0,0,2,0,1,0,2,2,0,2,2,0,0,0,2,20,0.0,3,9,0
1033,6,1.0,1.0,0,0,0,0,0,4,2,2,0,0,0,0,1,2,0,2,2,0,2,1,1,2,1,1,2,1,50,1.0,7,1,2
1034,1,0.0,0.0,0,0,0,0,0,5,1,1,0,0,0,0,0,0,0,1,1,0,0,1,0,1,0,0,1,1,22,0.0,7,1,0
1035,4,1.0,1.0,1,1,0,0,0,2,2,0,0,2,0,0,1,0,0,2,2,2,2,0,2,2,0,1,2,0,41,0.0,7,9,2
1036,3,1.0,1.0,0,0,0,0,0,2,0,0,2,0,0,0,1,0,0,2,2,3,0,0,0,2,0,0,2,2,37,0.0,4,9,2
1037,4,1.0,1.0,1,1,1,1,1,1,0,0,0,2,1,0,1,2,0,1,1,2,2,1,1,1,1,1,0,1,32,0.0,7,4,2
1038,2,1.0,1.0,1,0,1,0,1,2,0,0,1,1,0,0,1,2,2,2,0,1,0,1,2,1,0,0,0,0,38,0.0,5,9,0
1039,2,1.0,1.0,1,2,0,0,0,0,2,0,0,0,0,0,1,2,0,1,1,2,0,1,1,1,1,1,0,1,27,0.0,7,5,2
1040,1,0.0,0.0,0,2,0,0,0,5,1,2,0,0,0,0,1,0,0,1,1,2,1,1,1,1,1,1,0,1,37,1.0,7,4,2
1041,2,0.0,0.0,0,0,0,0,0,5,1,1,2,1,0,0,1,0,0,1,1,2,1,1,2,2,0,0,0,2,30,1.0,7,2,2
1042,6,1.0,1.0,0,0,0,0,0,4,1,0,0,0,0,0,1,1,0,1,1,1,0,1,1,1,1,1,2,1,21,0.0,7,3,2
1043,6,0.0,0.0,0,2,0,1,0,3,2,0,0,0,0,0,1,1,2,1,2,2,1,0,1,2,1,1,0,1,21,0.0,7,2,2
1044,6,0.0,0.0,1,2,1,1,1,2,2,2,0,0,0,0,0,1,2,1,1,2,2,0,0,0,0,0,0,0,46,0.0,7,6,2
1045,5,1.0,1.0,1,1,1,1,0,2,0,0,1,1,0,0,1,1,2,2,0,1,2,1,1,1,1,1,2,1,28,0.0,7,1,2
1046,4,0.0,0.0,1,0,0,0,1,0,1,1,0,0,0,1,1,0,0,1,1,2,1,1,1,1,1,1,1,1,26,0.0,7,2,0
1047,6,1.0,1.0,1,2,0,1,1,3,1,1,0,0,0,0,1,2,0,1,1,0,2,0,0,0,0,0,0,0,44,0.0,7,2,2
1048,1,1.0,1.0,0,2,0,0,0,2,2,0,1,1,1,0,1,1,2,2,2,3,2,0,0,0,0,1,0,0,35,1.0,7,2,1
1049,3,1.0,1.0,1,1,1,1,1,0,0,0,2,1,0,0,1,1,0,2,0,2,0,1,1,1,1,1,2,2,39,0.0,7,6,0
1050,6,0.0,0.0,0,2,0,0,0,0,2,0,0,2,0,0,1,1,2,1,2,0,0,0,1,0,1,1,0,0,37,1.0,7,2,2
1051,4,0.0,0.0,0,0,0,0,0,3,2,2,0,0,0,0,1,1,2,1,1,2,1,0,0,0,0,0,0,0,35,0.0,7,8,2
1052,6,1.0,1.0,1,1,0,0,1,4,1,2,0,0,0,0,0,2,0,1,1,0,2,1,1,1,1,1,0,0,29,1.0,7,2,0
1053,3,1.0,1.0,0,0,0,0,0,3,2,0,2,2,0,0,1,2,0,1,2,1,0,0,1,1,1,1,0,1,21,0.0,7,3,2
1054,3,1.0,1.0,1,1,0,1,1,5,1,2,2,2,0,0,1,1,0,2,0,2,1,1,1,2,1,1,2,1,26,1.0,7,6,2
1055,4,1.0,1.0,1,2,1,0,1,2,0,0,1,1,0,0,1,0,0,2,0,3,0,1,2,2,1,1,2,1,35,0.0,4,9,0
1056,4,0.0,0.0,1,1,1,1,0,2,2,2,1,1,1,0,1,0,0,0,0,2,1,0,1,1,1,1,0,1,56,0.0,7,6,2
1057,3,1.0,1.0,0,2,0,0,0,2,2,0,1,1,1,0,0,1,2,1,0,0,2,0,0,0,0,0,0,0,24,0.0,7,9,0
1058,6,1.0,1.0,0,2,0,0,0,2,1,2,0,0,0,0,1,0,0,1,2,0,2,0,1,1,0,0,2,1,37,0.0,7,9,0
1059,3,0.0,0.0,0,1,0,0,0,5,1,2,1,2,0,1,0,2,0,2,2,2,1,1,1,1,1,1,2,1,27,1.0,7,2,0
1060,1,1.0,1.0,0,0,0,0,0,4,0,0,2,1,0,0,1,2,0,2,0,1,0,1,1,1,1,1,2,2,39,1.0,7,2,2
1061,4,1.0,1.0,1,1,0,0,0,5,1,0,0,0,0,0,1,2,0,1,1,2,1,1,1,1,0,1,0,1,34,0.0,7,5,1
1062,6,0.0,0.0,0,2,0,1,1,1,0,0,1,1,0,0,1,1,2,2,2,2,1,1,1,1,1,1,0,2,33,0.0,7,9,2
1063,1,1.0,1.0,0,0,0,0,0,4,2,2,0,0,0,0,0,2,0,1,1,0,0,0,1,1,0,0,2,2,22,0.0,7,9,0
1064,2,1.0,1.0,0,2,0,0,0,2,0,0,2,2,0,0,1,2,2,2,2,0,0,0,0,0,0,0,0,0,25,1.0,7,9,2
1065,6,0.0,0.0,0,0,0,0,0,1,0,0,2,2,0,0,1,2,2,2,0,3,0,0,0,0,0,0,0,0,34,0.0,7,9,0
1066,2,1.0,1.0,0,2,0,0,0,3,1,2,2,0,0,1,0,0,0,1,1,3,1,1,2,2,0,0,0,0,30,0.0,7,9,2
1067,3,1.0,1.0,0,0,0,0,0,4,2,2,2,2,0,0,1,2,2,2,2,2,2,0,1,2,1,1,2,2,37,0.0,7,9,0
1068,2,1.0,1.0,0,0,0,0,0,4,1,2,0,0,0,0,1,0,0,1,1,0,2,0,1,1,0,0,0,2,26,0.0,7,9,0
1069,6,0.0,0.0,1,1,1,1,0,0,0,0,2,1,1,1,1,2,0,1,2,2,1,0,1,2,1,1,0,2,29,1.0,7,4,0
1070,2,1.0,1.0,0,0,0,0,0,5,1,0,2,0,0,0,1,2,2,2,1,1,1,0,0,0,0,1,2,1,29,0.0,7,9,2
1071,3,0.0,0.0,0,2,0,0,0,4,2,0,2,0,0,0,1,2,0,2,2,2,1,1,1,1,1,1,2,1,27,0.0,7,9,0
1072,2,0.0,0.0,0,0,0,0,0,3,1,0,0,1,0,0,1,1,0,1,2,2,0,1,1,0,1,1,2,0,27,1.0,7,9,2
1073,6,0.0,0.0,0,0,1,1,1,2,0,0,2,1,1,1,0,2,1,1,1,2,2,0,0,0,0,0,0,0,23,0.0,7,2,2
1074,6,1.0,1.0,0,1,0,1,1,1,0,0,0,1,0,0,1,2,2,0,0,2,0,0,0,0,0,0,0,0,24,1.0,7,2,2
1075,1,0.0,0.0,0,0,0,0,0,1,0,0,1,1,1,0,1,2,2,2,0,2,0,0,2,0,0,0,0,0,28,0.0,7,9,0
1076,2,0.0,0.0,0,2,0,0,0,0,2,0,0,2,0,0,1,1,0,1,1,3,0,1,1,1,1,1,2,1,22,0.0,7,5,0
1077,3,1.0,1.0,0,1,0,0,0,2,2,2,0,0,0,0,1,2,2,1,0,2,2,1,2,2,0,0,0,2,32,0.0,7,2,2
1078,2,1.0,1.0,0,0,0,0,0,4,2,0,1,2,0,0,1,2,2,2,0,2,2,0,1,1,1,1,0,2,35,1.0,7,7,1
1079,3,1.0,1.0,1,1,0,0,0,1,2,0,0,1,0,0,1,1,1,0,0,2,0,0,1,1,1,1,2,2,26,0.0,7,1,2
1080,6,1.0,1.0,0,1,1,1,0,4,1,1,0,2,0,0,1,0,0,1,1,2,1,0,0,1,1,1,0,1,31,1.0,7,9,2
1081,4,1.0,1.0,0,0,0,0,0,4,2,2,2,2,0,0,1,0,0,1,1,2,0,0,1,2,1,1,0,1,37,0.0,7,9,2
1082,2,0.0,0.0,0,0,0,0,1,3,0,0,2,2,0,0,1,2,0,2,0,2,0,0,1,1,1,1,0,2,24,0.0,7,9,0
1083,3,1.0,1.0,1,1,1,1,0,1,0,0,1,1,1,0,1,1,1,0,0,1,0,0,0,0,0,0,0,0,33,0.0,7,1,1
1084,4,1.0,1.0,1,1,0,1,1,2,0,0,1,1,0,0,1,1,2,0,0,2,2,0,0,1,1,1,2,1,28,0.0,7,2,2
1085,6,1.0,1.0,0,0,0,0,0,2,2,2,2,2,0,0,0,1,2,0,0,2,0,0,2,2,0,1,0,2,22,1.0,7,3,2
1086,4,1.0,1.0,0,2,0,0,0,4,2,0,2,0,0,0,1,2,0,2,0,2,1,1,1,2,1,1,2,1,46,0.0,4,9,2
1087,3,1.0,1.0,1,1,0,0,0,3,2,0,2,2,0,0,1,1,2,2,2,2,0,0,2,2,0,0,0,0,30,0.0,7,6,1
1088,3,1.0,1.0,0,2,0,1,1,4,2,2,2,2,0,0,1,0,0,2,2,2,1,0,0,1,1,1,1,1,29,0.0,7,3,0
1089,4,1.0,1.0,0,0,0,0,0,2,2,0,0,0,0,0,0,2,0,2,0,2,0,1,0,1,0,0,2,1,22,0.0,7,3,2
1090,6,0.0,0.0,1,1,0,1,0,2,2,0,2,2,1,0,1,0,0,1,1,2,1,1,1,2,1,1,0,2,30,0.0,7,3,2
1091,6,0.0,0.0,1,2,0,1,1,4,2,0,2,2,0,0,1,0,0,2,1,2,0,0,0,0,0,0,0,0,39,0.0,7,7,2
1092,5,0.0,0.0,1,2,1,1,0,4,2,0,0,2,0,0,1,2,0,2,0,0,2,0,0,0,0,0,0,0,39,0.0,7,3,2
1093,6,1.0,1.0,1,1,0,1,0,4,2,0,0,0,0,0,1,2,0,1,1,3,0,1,1,1,1,1,0,1,31,1.0,7,4,1
1094,4,1.0,1.0,1,0,0,0,0,0,1,2,2,0,0,0,1,0,0,2,2,1,2,1,1,2,0,0,0,0,35,0.0,7,1,2
1095,6,1.0,1.0,0,2,0,0,0,5,1,2,0,0,0,1,0,2,0,1,1,3,1,0,1,1,1,1,2,1,23,0.0,7,1,2
1096,6,1.0,1.0,1,2,1,1,0,5,2,0,0,0,0,1,1,0,0,1,1,2,2,1,1,1,1,1,0,2,30,0.0,7,2,0
1097,2,1.0,1.0,0,0,0,0,1,3,2,0,1,0,0,0,1,1,0,1,1,0,2,1,0,0,0,0,0,0,28,0.0,7,9,2
1098,6,1.0,1.0,1,0,0,1,0,0,1,0,0,0,0,0,1,0,0,1,1,0,1,1,1,1,1,0,1,2,23,1.0,7,9,0
1099,3,1.0,1.0,1,1,0,0,1,3,0,0,2,1,0,0,1,0,0,2,2,2,2,1,2,1,1,1,2,2,26,1.0,7,3,0
1100,3,1.0,1.0,1,1,0,0,0,5,2,0,2,2,0,0,1,1,0,1,1,2,1,1,1,2,1,1,0,1,24,1.0,7,1,0
1101,6,1.0,1.0,1,0,0,0,0,2,2,0,0,2,0,0,1,1,0,2,2,1,1,0,0,0,0,0,0,0,32,0.0,7,7,0
1102,4,1.0,1.0,0,2,0,0,1,2,0,0,1,1,1,0,1,1,1,2,2,2,0,0,1,2,0,0,2,1,30,0.0,7,9,2
1103,3,1.0,1.0,1,2,0,0,0,4,2,2,0,2,0,0,1,2,2,0,0,1,0,0,1,1,1,1,0,1,32,0.0,7,4,2
1104,2,0.0,0.0,1,1,0,0,0,0,2,0,0,0,0,0,0,2,0,1,1,1,0,0,1,2,1,1,0,1,35,0.0,7,6,0
1105,3,1.0,1.0,0,1,0,0,0,3,2,2,0,0,0,0,1,2,0,1,1,2,0,0,2,2,1,1,0,0,26,1.0,7,1,1
1106,4,0.0,0.0,1,2,1,1,0,2,2,0,2,1,0,0,1,2,2,2,2,2,2,1,1,1,1,1,0,2,30,1.0,7,5,2
1107,3,1.0,1.0,1,0,0,0,1,4,2,0,2,0,0,0,1,1,2,1,2,2,1,0,1,2,0,1,2,1,29,0.0,7,1,0
1108,6,1.0,1.0,0,2,1,1,0,2,2,0,1,1,0,0,1,0,0,2,0,2,1,0,0,0,0,0,0,0,39,0.0,3,9,1
1109,6,0.0,0.0,0,2,0,0,0,3,1,0,0,2,0,0,1,1,0,1,1,2,1,1,1,2,1,1,0,1,37,0.0,7,9,0
1110,3,1.0,1.0,1,0,0,0,0,5,1,2,0,0,0,0,1,2,0,1,1,3,1,0,0,0,0,0,0,0,35,0.0,7,1,2
1111,1,1.0,1.0,0,1,0,0,0,0,1,1,0,0,0,0,1,2,0,1,1,2,1,1,1,1,1,1,2,1,25,1.0,7,5,2
1112,6,0.0,0.0,0,2,1,1,1,3,2,0,1,2,1,0,1,0,2,1,2,2,0,1,1,2,1,1,2,1,22,0.0,7,3,0
1113,3,1.0,1.0,1,1,0,0,0,3,1,2,2,2,0,1,1,2,0,1,1,3,1,1,1,2,1,1,2,2,33,0.0,7,9,0
1114,1,1.0,1.0,1,0,0,0,0,4,1,0,2,0,0,0,0,2,0,1,0,2,0,1,1,1,1,1,0,1,23,0.0,7,2,2
1115,3,1.0,1.0,1,1,0,0,0,5,1,2,0,0,0,0,1,2,1,1,1,2,1,1,1,1,1,1,0,0,28,0.0,7,2,1
1116,6,1.0,1.0,1,1,0,0,0,1,0,0,1,1,0,0,1,1,0,0,0,2,0,1,1,1,1,1,2,1,30,0.0,7,2,0
1117,4,1.0,1.0,1,1,0,0,1,2,0,0,2,1,0,0,1,0,0,2,0,3,2,1,2,1,1,1,2,2,28,0.0,7,1,2
1118,2,1.0,1.0,1,1,1,1,0,1,0,0,1,1,1,0,1,2,0,1,2,2,0,1,1,2,1,1,0,2,28,1.0,7,2,1
1119,6,0.0,0.0,1,0,0,1,0,0,2,2,2,1,0,0,1,2,0,1,1,3,0,1,1,1,1,0,0,1,37,0.0,7,2,0
1120,3,1.0,1.0,0,1,1,0,0,0,2,0,2,1,1,0,1,2,0,1,1,2,2,1,1,1,1,0,2,2,30,0.0,7,7,2
1121,2,1.0,1.0,0,2,1,0,0,4,1,2,0,1,0,0,1,0,0,1,0,3,0,1,1,1,1,1,1,1,27,0.0,7,9,2
1122,6,1.0,1.0,0,2,0,0,0,0,2,0,0,0,0,0,0,2,0,1,2,3,2,0,1,2,1,1,1,1,28,0.0,7,9,0
1123,2,1.0,1.0,0,0,0,0,0,4,1,0,0,0,0,0,1,2,0,1,1,2,1,1,1,1,1,1,2,1,26,1.0,7,9,2
1124,4,1.0,1.0,0,2,0,0,1,0,2,0,0,0,0,0,1,0,0,2,2,2,2,1,1,1,1,1,0,2,29,0.0,7,4,2
1125,4,1.0,1.0,1,1,1,1,1,3,0,0,2,1,1,0,1,2,2,2,2,2,1,0,0,1,1,1,0,2,36,0.0,7,9,1
1126,3,1.0,1.0,0,0,0,0,0,5,1,1,0,0,0,1,1,0,0,1,1,2,1,0,2,1,1,1,2,1,38,0.0,7,9,0
1127,2,1.0,1.0,1,2,0,0,1,1,1,1,0,0,1,0,0,0,0,1,1,3,1,0,1,1,1,1,1,1,22,1.0,7,2,2
1128,1,1.0,1.0,0,2,1,1,1,3,0,0,2,2,0,0,0,1,2,2,2,1,2,0,0,0,0,0,2,2,24,0.0,7,5,2
1129,4,0.0,0.0,1,1,0,0,1,2,0,0,1,1,0,0,1,2,0,0,0,1,0,1,1,1,1,1,0,1,24,1.0,7,4,2
1130,5,1.0,1.0,1,1,0,0,1,5,0,0,1,2,0,0,1,2,0,1,2,2,2,1,1,1,1,1,0,2,36,1.0,7,2,0
1131,6,0.0,0.0,0,2,0,0,0,5,2,0,2,0,0,0,0,2,0,2,0,2,2,1,1,1,1,1,2,1,24,1.0,7,6,0
1132,5,1.0,1.0,0,0,0,0,0,2,2,0,0,2,0,0,0,0,0,2,2,2,2,0,0,0,0,0,0,0,24,0.0,7,4,0
1133,3,1.0,1.0,0,2,0,0,0,5,1,2,0,0,0,1,0,2,0,1,1,2,1,1,1,1,1,1,0,1,31,0.0,5,9,0
1134,3,1.0,1.0,1,2,1,0,0,3,1,0,0,0,1,0,1,2,2,1,2,2,0,0,1,1,1,0,2,1,39,0.0,7,9,0
1135,6,1.0,1.0,1,1,1,1,1,2,2,2,1,0,0,1,1,0,0,2,2,3,0,1,1,1,1,1,2,1,41,0.0,7,4,2
1136,3,1.0,1.0,0,0,0,0,1,1,2,0,1,2,0,0,1,2,0,2,0,2,0,0,0,0,0,0,0,0,37,0.0,7,9,0
1137,3,1.0,1.0,0,2,0,0,0,0,2,2,2,2,0,0,1,0,0,1,2,1,1,0,0,0,0,0,0,0,30,0.0,7,5,1
1138,4,1.0,1.0,1,2,1,0,0,2,0,0,0,2,0,0,0,2,0,2,2,0,0,0,0,0,0,0,0,0,24,0.0,3,9,2
1139,4,1.0,1.0,0,2,0,0,0,4,2,0,2,2,0,0,1,2,2,1,1,2,2,0,1,1,1,1,0,1,22,1.0,3,9,2
1140,4,1.0,1.0,1,2,1,1,1,2,0,0,2,1,1,0,1,2,0,1,2,2,0,0,2,2,0,0,0,0,24,0.0,3,9,2
1141,4,1.0,1.0,0,2,0,0,0,2,2,0,2,2,0,0,1,2,2,1,2,2,1,0,1,1,1,1,0,1,26,1.0,3,9,2
1142,5,1.0,1.0,1,0,0,0,1,2,0,0,1,1,1,0,1,0,0,2,0,1,1,1,1,1,1,1,0,1,38,1.0,7,5,1
1143,4,1.0,1.0,1,1,1,1,0,4,2,2,1,1,0,1,1,2,0,1,0,2,1,1,1,2,1,1,0,2,52,0.0,7,8,2
1144,4,0.0,0.0,0,2,0,1,0,4,2,0,2,1,0,0,1,2,0,0,0,2,1,1,2,1,1,0,2,1,30,1.0,7,5,2
1145,4,1.0,1.0,1,0,0,0,0,5,2,0,2,2,0,0,0,2,0,1,0,2,2,0,1,1,0,0,0,1,25,0.0,3,9,2
